POPULATION,ID,Peq01,,Peq02,,Peq05,,Peq07,,Peq10,,Peq13,,Peq14,,Peq15,,Peq17,,Peq18,
Brussels,B1a,199,201,139,177,121,125,116,116,117,121,114,114,225,229,206,211,209,213,174,178
Brussels,B1b,190,199,144,177,121,125,124,124,121,125,112,114,231,234,196,196,209,228,174,174
Brussels,B2,190,190,144,169,123,125,116,116,113,117,116,116,216,227,200,219,213,217,170,174
Brussels,B2_1,190,203,144,149,123,125,122,122,125,125,114,116,223,229,188,219,205,213,170,178
Brussels,B2_10,190,199,149,185,123,127,122,124,109,125,114,114,223,238,188,200,205,209,170,174
Brussels,B2_11,190,201,144,144,121,123,116,122,117,117,112,120,223,238,219,219,205,217,174,174
Brussels,B2_12,199,203,149,185,125,125,122,122,121,121,114,116,223,223,213,219,205,209,162,170
Brussels,B2_13,000,000,144,144,121,123,116,116,117,121,114,116,223,223,206,211,205,209,174,174
Brussels,B2_14,199,199,144,149,125,125,122,124,113,121,112,114,217,221,219,219,209,217,174,174
Brussels,B2_15,190,199,144,144,125,125,122,124,121,125,107,120,225,234,194,209,209,209,174,178
Brussels,B2_16,190,192,144,181,123,125,122,122,117,125,112,114,221,223,217,217,205,209,162,178
Brussels,B2_17,190,195,144,149,123,125,118,124,097,121,108,114,216,223,188,206,209,213,158,162
Brussels,B2_18,190,190,144,149,121,125,122,122,121,121,116,120,225,234,200,219,209,213,174,178
Brussels,B2_19,192,199,144,185,121,125,116,122,121,121,112,116,223,223,217,217,209,213,174,178
Brussels,B2_2,190,190,144,181,123,125,120,122,117,121,114,116,223,223,188,217,209,213,170,174
Brussels,B2_20,197,199,144,153,123,125,116,122,121,125,118,120,223,225,209,217,209,213,174,174
Brussels,B2_3,190,205,149,185,125,125,116,116,121,121,114,114,216,221,217,217,209,213,174,178
Brussels,B2_4,195,195,144,149,000,000,122,124,117,125,000,000,000,000,217,217,209,213,170,170
Brussels,B2_5,188,190,149,185,125,127,122,124,121,125,116,116,225,232,217,217,209,213,174,178
Brussels,B2_6,199,199,153,185,123,125,116,124,101,113,114,114,227,232,206,209,209,221,162,174
Brussels,B2_7,195,199,144,153,125,125,116,120,113,125,112,114,229,229,200,219,209,213,170,178
Brussels,B2_8,190,199,139,139,121,121,120,122,105,125,114,116,234,237,209,209,209,213,170,178
Brussels,B2_9,190,190,139,144,000,000,118,118,097,121,000,000,000,000,188,219,213,217,162,162
Brussels,B2a,188,188,144,153,121,123,116,116,000,000,000,000,000,000,209,213,213,217,174,178
Brussels,B2b,199,199,144,157,125,125,116,122,121,125,114,116,000,000,188,188,209,213,174,174
Brussels,B3,190,203,144,149,121,125,122,122,109,121,116,120,227,231,211,215,209,209,170,178
Brussels,B3_1,000,000,153,157,000,000,122,122,125,125,000,000,000,000,219,219,209,217,174,178
Brussels,B3_10,195,205,000,000,123,125,000,000,000,000,107,116,221,227,000,000,000,000,174,182
Brussels,B3_11,199,199,149,181,121,123,116,122,117,117,114,114,223,223,209,219,205,213,170,174
Brussels,B3_12,190,192,139,144,121,125,120,122,117,125,114,120,232,234,188,208,213,213,178,182
Brussels,B3_13,197,201,144,149,125,125,116,116,105,117,114,114,223,223,192,217,209,217,158,170
Brussels,B3_14,190,190,139,144,121,125,116,122,117,125,114,114,223,227,219,227,209,217,170,174
Brussels,B3_15,199,201,144,144,127,127,116,116,117,117,112,116,225,232,219,219,205,209,178,178
Brussels,B3_16,192,197,144,153,121,127,116,122,121,121,114,114,227,232,211,217,205,213,170,170
Brussels,B3_17,190,199,144,144,125,125,116,124,105,125,114,118,227,229,209,213,209,213,158,174
Brussels,B3_18,000,000,169,173,125,127,116,116,121,125,116,120,000,000,209,217,209,213,170,178
Brussels,B3_19,000,000,149,149,000,000,116,122,117,125,000,000,000,000,000,000,213,217,158,178
Brussels,B3_2,192,199,144,185,121,125,122,122,121,125,114,116,229,231,217,217,205,209,000,000
Brussels,B3_20,000,000,149,185,000,000,116,122,113,121,000,000,000,000,211,217,205,205,174,174
Brussels,B3_21,000,000,144,144,000,000,122,124,121,121,000,000,000,000,208,211,205,213,174,178
Brussels,B3_22,199,201,144,149,123,127,116,122,121,121,114,116,216,223,200,211,209,213,158,178
Brussels,B3_23,190,201,157,161,121,121,122,122,121,121,114,116,225,231,000,000,000,000,158,158
Brussels,B3_24,190,199,153,157,121,125,122,122,125,125,112,114,225,227,219,219,209,217,178,178
Brussels,B3_25,190,199,144,144,125,127,120,122,121,125,114,120,221,223,209,219,213,217,170,174
Brussels,B3_26,190,205,169,185,121,125,122,122,121,125,114,116,000,000,209,219,217,217,174,182
Brussels,B3_27,199,205,139,144,123,125,116,122,117,121,107,112,221,229,192,192,205,217,170,178
Brussels,B3_28,199,205,139,173,121,125,116,116,121,125,112,116,223,227,196,213,205,213,170,174
Brussels,B3_29,190,201,000,000,123,125,120,122,109,121,107,114,225,227,200,200,209,213,170,178
Brussels,B3_3,000,000,144,185,123,125,124,124,109,117,107,107,000,000,211,217,209,209,170,178
Brussels,B3_30,190,190,144,153,121,125,116,116,117,117,112,114,225,225,206,219,209,228,174,178
Brussels,B3_30a,000,000,144,181,000,000,122,124,121,125,000,000,000,000,209,219,209,209,000,000
Brussels,B3_31,190,199,139,144,125,127,116,122,109,117,108,108,223,232,217,221,209,221,170,174
Brussels,B3_32,203,203,139,149,121,127,122,124,117,121,114,116,225,229,208,211,217,221,174,174
Brussels,B3_33,192,199,139,139,125,127,116,122,117,129,114,116,225,229,211,211,205,205,170,174
Brussels,B3_34,190,201,139,144,121,123,122,122,109,125,116,116,217,223,192,192,205,221,158,178
Brussels,B3_35,199,201,000,000,121,123,122,122,121,121,112,114,223,234,000,000,209,209,170,174
Brussels,B3_36,199,203,144,185,125,127,116,122,101,121,112,114,219,234,209,215,205,217,174,174
Brussels,B3_37,201,201,135,144,121,125,116,122,113,121,116,120,221,225,200,217,209,217,158,174
Brussels,B3_38,195,197,139,144,121,121,122,124,117,125,105,105,219,229,200,208,205,209,170,170
Brussels,B3_4,192,201,153,185,125,125,116,122,121,121,114,116,223,232,206,211,209,221,174,174
Brussels,B3_5,199,201,139,149,123,125,116,116,117,125,114,116,223,225,188,209,209,209,170,174
Brussels,B3_6,199,199,139,144,125,125,116,124,121,125,112,116,223,234,208,211,209,213,170,174
Brussels,B3_7,190,201,144,177,121,123,120,122,117,121,000,000,225,225,188,204,205,209,174,174
Brussels,B3_8,199,201,144,185,125,125,116,124,121,125,107,114,223,232,211,211,209,213,162,178
Brussels,B3_9,199,199,139,144,125,125,118,122,117,125,112,114,217,219,188,219,209,213,170,170
Brussels,B3a,197,199,149,149,121,123,116,122,121,121,114,114,223,225,188,211,000,000,174,178
Brussels,B3b,192,197,144,153,121,127,116,122,117,121,114,114,227,234,211,217,205,213,166,170
Brussels,B3c,190,201,144,144,121,123,122,124,125,125,114,114,223,225,209,219,217,221,174,174
Brussels,B3d,190,192,139,149,125,125,116,116,109,117,114,116,223,231,211,217,209,213,170,178
Hiedelberg,44775,199,201,139,161,123,125,116,120,121,121,114,120,221,221,206,219,205,205,174,178
Hiedelberg,44776,199,201,139,161,123,125,000,000,000,000,114,114,223,229,211,219,000,000,174,178
Hiedelberg,44777,190,201,139,161,123,125,000,000,000,000,114,114,221,229,206,219,205,205,170,174
Hiedelberg,44778,190,201,000,000,123,125,120,122,000,000,114,114,225,229,000,000,209,209,174,178
Hiedelberg,44780,199,203,153,161,123,125,000,000,000,000,114,120,221,227,192,217,000,000,174,174
Hiedelberg,44781,000,000,144,144,125,125,000,000,000,000,114,114,231,231,190,190,000,000,178,182
Hiedelberg,44782,190,201,144,153,123,125,122,124,000,000,114,114,221,227,188,213,209,209,162,174
Hiedelberg,44783,000,000,181,185,000,000,116,124,101,101,000,000,000,000,217,217,205,213,178,178
Hiedelberg,44786,201,201,144,185,123,125,116,120,117,121,114,114,227,231,217,217,213,217,178,178
Hiedelberg,44787,190,199,153,181,121,125,116,116,117,125,114,114,223,225,217,221,205,217,174,174
Hiedelberg,44793,000,000,153,153,123,125,116,122,117,125,114,114,223,225,188,217,205,205,170,178
Hiedelberg,44804,190,199,149,153,121,123,118,118,000,000,114,114,221,223,188,217,000,000,174,174
Hiedelberg,44805,190,201,181,185,123,125,116,122,117,125,114,114,227,231,188,217,205,213,178,178
Hiedelberg,44820,190,190,144,144,123,125,000,000,000,000,114,114,000,000,000,000,000,000,178,178
Hiedelberg,44821,190,199,153,181,121,125,000,000,000,000,114,114,221,225,217,221,000,000,174,174
Hiedelberg,44823,199,201,139,161,121,123,000,000,000,000,116,120,223,231,188,211,209,209,166,178
Hiedelberg,44824,190,199,149,153,125,125,000,000,000,000,114,114,229,231,213,219,000,000,166,174
Hiedelberg,44833,192,203,139,153,125,125,000,000,000,000,114,120,000,000,206,211,000,000,174,178
Hiedelberg,44854,192,203,153,181,000,000,116,116,000,000,000,000,227,227,221,221,205,213,182,182
Hiedelberg,44855,000,000,000,000,123,125,000,000,000,000,000,000,000,000,000,000,000,000,178,178
Hiedelberg,44856,205,205,000,000,000,000,000,000,000,000,000,000,229,229,190,190,000,000,000,000
Hiedelberg,44857,000,000,149,153,123,125,122,122,000,000,114,114,000,000,213,225,000,000,174,174
Hiedelberg,44858,199,205,153,153,121,123,116,122,117,125,107,114,225,231,188,221,205,205,174,174
Hiedelberg,44859,000,000,000,000,000,000,114,114,105,121,000,000,000,000,000,000,201,205,178,178
Hiedelberg,44860,000,000,000,000,000,000,000,000,000,000,000,000,000,000,000,000,000,000,178,178
Hiedelberg,44861,000,000,153,181,121,125,116,116,117,125,000,000,000,000,219,223,205,217,174,174
Hiedelberg,44862,190,201,000,000,125,125,122,124,101,125,114,114,227,227,000,000,213,217,178,178
Hiedelberg,44866,199,201,144,153,121,125,122,124,117,121,114,114,229,232,211,213,205,209,174,174
Hiedelberg,44867,190,201,144,149,121,125,000,000,117,121,114,114,227,227,213,217,205,209,166,174
Hiedelberg,44868,199,199,149,181,125,125,122,124,117,121,114,114,229,229,213,217,209,213,166,174
Hiedelberg,44869,199,199,153,161,123,125,000,000,000,000,116,120,227,231,206,211,000,000,174,174
Hiedelberg,44870,199,199,139,153,123,125,120,122,121,125,116,120,227,231,188,206,209,209,162,162
Hiedelberg,44871,199,201,153,161,123,125,120,122,121,125,114,116,223,227,206,211,209,209,174,174
Hiedelberg,44872,000,000,153,161,123,125,000,000,121,121,116,120,000,000,000,000,000,000,166,174
Hiedelberg,44873,000,000,000,000,000,000,114,116,000,000,000,000,000,000,000,000,000,000,166,178
Hiedelberg,44875,190,190,000,000,123,125,116,122,117,121,114,120,221,231,000,000,213,217,178,178
Hiedelberg,44877,190,199,139,185,123,125,116,122,117,121,114,120,221,231,211,211,217,217,174,174
Hiedelberg,44878,190,199,139,139,121,125,116,122,117,121,114,120,221,231,188,211,205,217,174,182
Hiedelberg,44879,190,190,139,185,123,125,116,124,117,121,114,120,221,223,188,211,213,217,174,182
Hiedelberg,44884,199,199,153,157,125,125,122,122,121,125,114,120,227,227,206,217,205,209,000,000
Hiedelberg,47890,190,199,000,000,121,125,124,124,121,121,114,114,223,227,000,000,217,217,174,182
Hiedelberg,47891,190,199,153,181,121,121,122,124,121,121,107,114,223,227,211,215,205,213,174,174
Hiedelberg,47892,188,199,000,000,123,125,116,122,105,121,107,114,223,227,000,000,205,217,174,174
Hiedelberg,47893,188,199,153,181,121,121,000,000,000,000,107,114,223,227,211,215,205,205,174,182
Hiedelberg,47894,190,199,000,000,121,123,122,124,121,125,114,114,223,223,000,000,213,217,174,174
Hiedelberg,47900,190,201,139,161,125,125,120,122,121,121,114,120,225,229,209,211,205,205,174,178
Hiedelberg,47901,199,201,139,161,125,125,116,116,117,125,114,114,225,225,206,209,209,209,174,178
Hiedelberg,47902,199,201,139,161,125,125,114,118,000,000,120,120,225,231,206,209,209,213,166,178
Hiedelberg,47903,199,201,139,161,123,125,116,122,121,121,114,114,223,229,209,211,205,205,166,178
Hiedelberg,47904,190,201,139,161,125,125,116,116,117,125,120,120,223,223,211,219,205,209,174,178
Hiedelberg,47905,190,201,177,177,121,123,122,124,117,121,107,120,227,227,188,200,209,209,174,174
Hiedelberg,47906,000,000,000,000,000,000,122,124,117,121,000,000,000,000,000,000,209,213,174,174
Hiedelberg,47907,203,205,000,000,121,123,122,122,117,125,107,120,227,227,000,000,209,209,170,178
Hiedelberg,47908,190,201,149,177,123,125,122,122,101,117,107,114,229,229,188,200,209,209,000,000
Hiedelberg,47909,199,199,144,161,121,125,120,124,117,129,112,114,225,225,217,219,209,213,174,178
Hiedelberg,47910,199,199,144,161,121,125,120,124,117,129,112,114,225,225,219,219,000,000,174,178
Hiedelberg,47911,199,199,139,153,121,121,120,124,117,117,112,114,223,223,217,221,213,217,174,174
Hiedelberg,47913,190,199,153,161,121,125,122,124,117,117,112,114,225,227,196,219,209,217,174,174
Hiedelberg,47915,199,199,153,161,121,121,120,122,117,117,112,120,225,225,196,219,217,217,178,178
Hiedelberg,47921,190,190,139,185,121,125,122,122,117,121,114,120,223,229,206,211,205,217,174,174
Hiedelberg,47923,190,190,139,161,121,123,120,122,117,121,114,120,223,229,206,219,205,217,166,174
Hiedelberg,47924,190,190,139,161,121,125,120,122,117,117,114,120,223,227,206,219,205,205,174,174
Hiedelberg,47926,000,000,161,181,121,125,116,116,117,121,114,114,000,000,000,000,209,217,000,000
Hiedelberg,47927,199,199,000,000,123,125,116,122,117,117,114,116,221,227,000,000,209,209,166,174
Hiedelberg,47928,199,199,161,177,121,123,000,000,000,000,114,116,221,223,211,211,000,000,174,174
Hiedelberg,47929,199,199,000,000,121,123,116,116,117,117,114,120,227,231,000,000,209,213,166,174
Hiedelberg,47930,000,000,000,000,123,125,116,124,117,125,114,114,223,227,000,000,205,217,170,174
Hiedelberg,47931,201,205,153,185,125,125,116,116,101,125,114,114,221,231,217,217,205,217,178,178
Hiedelberg,47932,190,199,153,161,123,123,116,122,105,117,114,120,221,231,211,211,205,209,174,182
Hiedelberg,47933,201,205,153,185,125,125,116,116,101,101,114,114,221,231,188,217,205,217,178,178
Hiedelberg,47934,201,205,144,181,123,125,116,124,117,125,114,114,227,227,217,217,213,217,170,174
Hiedelberg,47935,190,201,181,185,125,125,116,124,101,125,114,114,227,227,188,217,205,213,170,170
Hiedelberg,47936,199,203,153,161,123,125,116,116,105,117,114,116,221,225,196,211,205,217,174,182
Hiedelberg,47937,190,199,185,185,123,123,116,122,105,117,114,120,221,231,188,211,205,209,182,182
Hiedelberg,47938,190,201,161,185,123,125,116,116,117,121,114,120,221,227,196,211,205,217,174,182
Hiedelberg,47939,199,205,153,153,123,125,000,000,000,000,107,114,225,231,188,221,000,000,170,170
Hiedelberg,47940,199,205,149,181,125,125,116,122,117,125,107,114,221,223,188,221,205,217,174,174
Hiedelberg,47941,199,205,149,181,123,125,116,116,125,125,107,114,221,225,221,221,213,217,000,000
Hiedelberg,47942,199,205,149,153,123,125,116,122,117,121,114,114,225,227,221,221,205,205,174,174
Hiedelberg,47943,190,205,000,000,123,125,116,122,125,125,107,114,223,231,000,000,205,217,174,174
Hiedelberg,47945,199,201,149,181,123,125,116,116,117,117,114,120,223,231,211,221,205,213,166,178
Hiedelberg,47946,199,199,149,181,121,125,116,116,121,125,114,120,225,231,188,206,205,213,166,178
Hiedelberg,47947,199,205,000,000,121,123,116,116,117,125,114,120,221,231,000,000,205,213,166,178
Hiedelberg,47948,199,199,144,144,121,125,116,122,117,125,112,114,223,231,000,000,205,213,174,174
Hiedelberg,47949,199,205,139,139,121,125,116,116,117,117,114,120,223,231,217,221,205,205,174,174
Hiedelberg,47950,199,205,139,149,125,125,116,122,117,117,112,114,223,231,211,221,205,213,174,174
Hiedelberg,47951,190,205,139,139,121,125,116,122,117,117,114,120,223,229,211,217,205,213,174,174
Hiedelberg,47952,190,199,149,177,123,125,116,122,117,117,114,114,223,231,211,213,209,209,178,178
Hiedelberg,47953,190,199,149,149,123,125,116,122,117,117,114,114,227,229,206,211,205,205,178,178
Hiedelberg,47954,190,199,149,149,123,125,116,122,117,121,114,114,223,231,211,213,209,209,178,178
Hiedelberg,47955,190,199,177,177,123,125,116,122,117,117,114,114,221,229,206,211,205,209,178,178
Hiedelberg,47956,192,192,139,177,121,125,116,122,117,117,112,114,227,231,000,000,213,217,162,166
Hiedelberg,47957,190,190,144,161,121,125,120,122,117,125,114,116,223,227,211,221,209,213,174,174
Hiedelberg,47958,188,190,000,000,121,125,116,120,117,121,116,116,221,227,000,000,209,209,166,174
Hiedelberg,47959,190,201,139,149,125,125,116,122,109,117,114,116,221,227,204,209,209,217,166,174
Hiedelberg,47960,190,199,139,149,125,125,000,000,000,000,114,114,223,227,196,196,000,000,174,174
Hiedelberg,47961,190,199,144,153,125,125,116,122,000,000,114,116,221,227,217,221,209,213,162,166
Hiedelberg,47962,188,190,144,149,125,125,116,122,117,121,114,116,227,227,206,211,209,217,162,162
Hiedelberg,47963,190,199,149,153,125,125,116,122,117,117,112,114,227,227,206,217,209,217,166,174
Hiedelberg,47964,188,199,144,153,125,125,000,000,000,000,114,116,227,227,211,221,000,000,174,174
Hiedelberg,47969,190,201,139,149,123,125,120,122,117,121,107,114,223,227,217,217,213,217,174,174
Hiedelberg,47970,190,201,000,000,121,123,000,000,000,000,114,120,221,227,000,000,000,000,178,182
Hiedelberg,47971,190,201,000,000,121,123,120,122,117,121,114,120,223,227,000,000,209,213,174,174
Hiedelberg,47972,190,201,139,139,121,125,116,120,121,121,114,120,223,227,188,217,213,217,178,178
Hiedelberg,47979,190,199,161,177,121,123,122,122,121,121,114,120,221,227,196,213,213,213,174,174
Hiedelberg,47980,199,199,161,181,121,123,122,122,121,121,114,120,223,227,196,213,213,213,166,174
Hiedelberg,47981,190,199,161,181,121,123,116,122,105,121,114,116,227,227,211,225,209,209,170,178
Hiedelberg,47982,000,000,177,185,121,125,116,122,117,121,114,114,227,227,188,188,209,213,174,178
Hiedelberg,47983,000,000,177,185,125,125,000,000,000,000,114,120,227,227,188,209,000,000,166,174
Hiedelberg,47984,190,203,177,185,125,125,116,122,109,121,114,120,223,227,188,211,205,213,174,178
Hiedelberg,47993,190,199,161,161,125,125,120,120,000,000,114,120,223,229,206,211,000,000,174,178
Hiedelberg,47994,190,203,177,185,121,125,116,122,117,133,114,120,221,227,188,217,205,209,174,174
Hiedelberg,47995,000,000,139,161,121,125,000,000,000,000,112,114,223,227,196,217,205,213,174,178
Hiedelberg,47996,190,199,139,161,121,125,120,122,117,129,112,114,223,227,196,217,209,217,174,178
Hiedelberg,48000,199,205,161,161,123,125,122,122,117,121,114,116,221,232,211,217,209,217,166,170
Hiedelberg,48001,201,201,144,185,123,125,000,000,000,000,114,114,227,231,217,217,000,000,170,178
Hiedelberg,48002,199,203,153,185,123,125,116,122,117,121,116,120,219,231,188,211,205,217,174,174
Hiedelberg,48005,199,205,181,185,123,125,116,116,117,121,120,120,221,231,206,221,205,205,174,178
Hiedelberg,48008,199,205,139,149,121,125,116,116,117,125,114,114,223,229,211,221,205,213,174,174
Hiedelberg,48009,190,199,000,000,125,125,122,122,117,117,114,114,221,227,000,000,205,209,166,166
Hiedelberg,48010,190,201,000,000,125,125,116,120,117,125,114,116,223,231,000,000,209,213,166,166
Hiedelberg,48011,190,199,149,153,121,121,122,122,117,117,114,114,223,229,211,217,209,217,166,166
Hiedelberg,48013,190,190,000,000,125,125,120,122,117,121,114,114,227,227,000,000,209,217,174,178
Hiedelberg,48015,190,199,000,000,121,125,116,122,000,000,116,120,221,227,000,000,000,000,166,166
Hiedelberg,48016,190,205,177,177,121,121,116,116,121,121,114,120,225,227,209,209,205,209,174,178
Hiedelberg,52964,199,199,153,153,121,125,116,124,121,125,114,114,225,227,211,221,205,217,174,182
Hiedelberg,52967,190,199,153,153,121,125,116,122,121,125,107,114,225,227,215,221,217,217,174,174
Hiedelberg,52968,188,199,153,181,123,125,122,124,121,121,107,114,223,227,215,221,213,217,174,174
Hiedelberg,52969,190,199,144,153,121,121,116,122,109,121,114,114,223,223,215,221,217,217,166,174
Hiedelberg,52970,188,199,000,000,121,121,122,124,121,125,107,114,225,227,000,000,205,213,000,000
Hiedelberg,52971,188,199,000,000,121,125,116,124,105,125,114,114,225,227,000,000,217,217,166,174
Hiedelberg,52972,199,199,153,177,121,125,120,122,117,117,114,114,221,227,211,211,209,213,174,178
Hiedelberg,52974,199,205,153,153,123,125,116,120,117,117,114,114,223,223,211,213,209,213,170,174
Hiedelberg,52975,199,205,000,000,121,123,116,122,117,117,114,114,227,227,000,000,209,209,174,174
Hiedelberg,52976,199,205,153,153,121,125,116,120,117,117,114,114,223,227,211,217,209,213,174,178
Hiedelberg,52977,199,205,161,177,121,125,116,120,117,117,114,114,223,227,211,213,209,213,170,174
Hiedelberg,52978,188,199,135,177,121,125,116,124,121,121,107,114,225,227,209,217,213,217,174,174
Hiedelberg,52980,199,201,000,000,121,121,116,116,117,121,107,114,223,227,000,000,205,217,174,174
Hiedelberg,52981,199,201,139,153,121,123,116,124,121,121,114,114,225,225,209,215,209,213,166,174
Hiedelberg,52982,199,201,139,153,121,123,116,120,121,121,114,120,223,227,209,211,209,217,166,174
Hiedelberg,52983,188,199,139,153,121,123,120,122,105,125,114,120,227,227,217,225,209,209,174,174
Hiedelberg,52984,199,205,139,177,125,125,116,120,105,121,114,114,000,000,188,217,205,209,174,178
Hiedelberg,52985,188,205,153,177,125,127,000,000,000,000,114,114,227,227,188,217,000,000,174,174
Hiedelberg,52986,188,201,000,000,125,125,116,120,105,121,114,120,227,231,000,000,209,209,174,174
Hiedelberg,52987,199,201,000,000,125,127,116,122,105,121,114,120,227,227,000,000,209,209,174,174
Hiedelberg,52995,203,205,000,000,125,125,116,122,117,117,114,114,223,227,000,000,205,213,174,174
Hiedelberg,52997,201,203,139,161,121,125,116,120,117,121,114,120,223,225,209,213,205,213,174,178
Hiedelberg,52998,199,203,161,161,125,125,000,000,000,000,114,114,227,227,213,217,000,000,174,178
Hiedelberg,52999,199,203,000,000,121,125,122,122,117,125,114,114,227,227,000,000,205,217,162,174
Hiedelberg,53014,199,201,000,000,121,125,122,122,121,125,114,116,223,223,000,000,217,217,166,170
Hiedelberg,53020,190,201,139,161,125,125,116,120,117,125,114,116,223,232,196,211,209,213,166,166
Hiedelberg,53022,190,205,139,139,121,121,116,116,117,121,114,120,223,231,000,000,205,209,166,178
Hiedelberg,53023,190,199,139,181,121,121,116,120,117,125,116,120,223,231,206,211,205,209,178,178
Hiedelberg,53024,190,199,144,149,121,125,000,000,000,000,114,116,223,227,206,211,000,000,162,166
Hiedelberg,53025,190,190,149,161,121,125,120,122,117,125,112,114,223,229,211,221,209,217,162,162
Hiedelberg,53044,199,203,149,185,121,125,116,122,121,121,114,114,221,227,188,211,213,213,182,182
Hiedelberg,53046,190,199,149,161,125,125,000,000,000,000,114,114,221,223,211,211,000,000,182,182
Hiedelberg,53047,190,203,185,185,123,125,116,122,117,121,114,114,221,223,188,196,205,213,182,182
Hiedelberg,53048,190,199,149,161,123,125,116,116,117,121,114,114,221,227,188,211,205,213,182,182
Hiedelberg,53049,190,199,185,185,123,125,000,000,000,000,114,114,227,227,188,196,000,000,182,182
Hiedelberg,53050,199,205,000,000,123,125,000,000,000,000,116,120,223,231,000,000,000,000,178,178
Hiedelberg,53051,199,205,139,161,125,125,116,122,105,121,114,120,223,227,188,213,213,217,170,178
Hiedelberg,53052,199,205,139,161,123,125,116,122,121,121,114,120,227,231,188,213,209,217,182,182
Hiedelberg,53053,190,199,144,161,125,125,116,116,105,121,114,116,227,231,188,213,205,209,170,178
Hiedelberg,53054,199,205,000,000,125,125,116,122,105,121,114,116,227,231,000,000,205,213,170,178
Hiedelberg,58010,190,199,153,161,123,125,120,122,117,129,112,114,225,225,196,219,213,217,174,174
Hiedelberg,58011,199,199,161,177,121,125,120,120,117,129,114,120,223,227,188,219,209,213,174,174
Hiedelberg,58012,190,199,153,161,121,125,116,120,117,117,114,114,223,227,188,219,209,213,174,174
Hiedelberg,58013,190,199,153,177,121,125,120,120,117,117,114,120,223,225,188,196,209,213,000,000
Hiedelberg,58020,199,203,144,149,123,125,124,128,121,133,114,114,223,223,188,211,205,209,174,178
Hiedelberg,58021,190,203,144,161,121,125,116,122,105,117,114,114,225,227,188,211,209,209,174,182
Hiedelberg,58022,190,203,144,144,123,125,122,122,117,121,112,114,223,227,188,206,209,209,162,174
Hiedelberg,58023,190,199,149,161,125,125,116,122,117,121,114,114,225,227,188,211,209,213,178,182
Hiedelberg,58024,190,203,144,144,121,123,116,122,117,117,114,116,223,227,188,206,205,217,174,182
Hiedelberg,58035,190,201,144,144,125,125,122,122,117,121,116,120,223,227,188,206,205,217,174,182
Hiedelberg,58036,000,000,139,144,125,125,122,122,117,117,000,000,000,000,000,000,205,205,174,174
Hiedelberg,58037,000,000,139,144,125,125,000,000,000,000,114,120,000,000,211,217,000,000,174,174
Hiedelberg,58038,199,201,139,144,000,000,000,000,000,000,114,120,221,223,188,211,000,000,174,174
Hiedelberg,58039,190,201,139,149,125,125,000,000,000,000,114,116,223,225,188,217,000,000,174,174
Hiedelberg,58040,201,203,139,144,125,125,000,000,121,121,114,116,223,225,211,211,213,213,182,182
Hiedelberg,58041,190,199,149,153,125,125,122,122,117,117,114,114,227,231,213,219,205,209,166,174
Hiedelberg,58042,000,000,144,153,125,125,000,000,000,000,000,000,219,225,000,000,000,000,174,174
Hiedelberg,58043,190,199,144,153,121,123,122,122,117,121,114,116,229,229,206,213,205,217,174,174
Hiedelberg,58044,188,188,149,153,125,125,122,122,117,121,112,114,227,231,219,221,205,209,174,174
Hiedelberg,58045,000,000,153,153,125,125,000,000,000,000,000,000,000,000,188,219,000,000,178,178
Wiesbaden,W1,190,199,135,139,123,125,114,116,121,121,114,116,219,225,209,217,221,213,000,000
Wiesbaden,W10,199,203,149,149,125,125,116,124,113,117,114,116,219,229,217,217,209,209,000,000
Wiesbaden,W100,199,199,144,149,125,125,120,126,101,121,108,116,217,229,196,208,213,221,178,182
Wiesbaden,W101,190,195,149,149,121,125,116,122,121,121,114,116,217,229,188,217,217,217,174,178
Wiesbaden,W104,000,000,144,144,000,000,000,000,000,000,000,000,000,000,196,211,000,000,178,178
Wiesbaden,W105,197,199,144,144,121,125,000,000,000,000,114,116,221,223,196,219,000,000,174,174
Wiesbaden,W106,199,203,135,144,000,000,000,000,000,000,000,000,000,000,196,217,000,000,182,182
Wiesbaden,W11,190,197,139,144,125,127,000,000,000,000,114,116,217,234,000,000,205,217,178,178
Wiesbaden,W111,192,197,149,157,123,125,116,122,109,121,108,120,223,225,204,209,209,213,178,182
Wiesbaden,W112,190,197,139,144,125,125,116,122,109,113,114,116,225,229,196,217,213,221,000,000
Wiesbaden,W114,190,197,157,181,121,123,116,124,101,121,108,114,221,232,215,221,217,221,162,174
Wiesbaden,W115,199,199,139,181,125,125,116,122,101,125,114,116,223,225,196,204,205,209,166,174
Wiesbaden,W117,190,199,149,153,000,000,000,000,000,000,000,000,000,000,196,208,000,000,178,182
Wiesbaden,W12,197,199,144,144,123,125,116,116,121,121,114,116,223,234,192,209,209,213,174,182
Wiesbaden,W13,190,199,135,181,121,121,122,122,101,121,114,116,223,229,192,215,209,221,000,000
Wiesbaden,W18,197,199,144,157,121,123,120,120,097,109,114,116,223,234,209,219,217,217,174,178
Wiesbaden,W2,190,205,139,157,123,125,000,000,000,000,114,116,225,234,211,217,000,000,174,182
Wiesbaden,W20,000,000,000,000,000,000,000,000,000,000,000,000,000,000,000,000,000,000,174,178
Wiesbaden,W22,190,190,144,144,125,125,122,122,101,121,108,116,225,234,209,217,221,221,174,182
Wiesbaden,W23,197,199,135,144,123,125,116,124,121,121,114,120,223,223,211,221,205,213,166,166
Wiesbaden,W24,190,197,144,181,000,000,116,116,101,101,000,000,223,223,209,215,209,221,174,178
Wiesbaden,W25,199,199,135,144,125,125,116,122,101,121,114,116,221,225,192,204,217,221,170,182
Wiesbaden,W26,195,199,139,144,123,125,000,000,000,000,114,116,223,223,192,200,000,000,178,182
Wiesbaden,W27,190,199,144,144,123,125,122,124,121,125,116,116,221,229,217,217,209,213,166,170
Wiesbaden,W28,197,199,177,189,125,125,122,124,121,125,112,116,221,221,196,200,213,213,178,182
Wiesbaden,W29,195,199,135,139,125,125,116,122,121,125,112,114,223,223,200,217,209,217,166,178
Wiesbaden,W3,197,199,139,153,121,121,000,000,121,121,108,114,225,229,188,217,000,000,162,182
Wiesbaden,W30,199,201,139,149,123,125,116,122,101,121,114,116,221,223,211,217,209,213,162,166
Wiesbaden,W32,195,197,144,149,123,125,000,000,000,000,114,116,225,229,200,211,000,000,174,174
Wiesbaden,W33,192,197,149,149,123,125,000,000,000,000,116,116,221,229,188,217,000,000,000,000
Wiesbaden,W35,192,195,144,144,121,125,122,126,121,121,114,116,223,223,188,221,209,217,178,178
Wiesbaden,W37,199,199,135,144,125,125,116,122,117,121,114,116,223,229,211,217,205,205,166,166
Wiesbaden,W38,199,199,135,144,125,125,120,124,121,121,000,000,229,229,204,221,217,221,166,178
Wiesbaden,W39,190,197,000,000,121,125,116,116,117,121,114,120,219,225,196,208,205,205,178,178
Wiesbaden,W40,190,192,000,000,123,125,116,122,121,125,000,000,223,223,000,000,217,221,182,182
Wiesbaden,W41,190,190,144,149,121,123,120,122,113,121,114,116,229,234,211,217,217,221,174,178
Wiesbaden,W42,192,197,139,181,123,125,116,126,113,121,114,120,223,234,192,221,209,213,162,178
Wiesbaden,W44,000,000,149,153,000,000,000,000,000,000,000,000,000,000,192,196,000,000,174,178
Wiesbaden,W45,190,199,144,144,123,125,122,124,000,000,114,116,229,234,196,204,000,000,158,166
Wiesbaden,W46,190,195,139,144,123,125,122,124,121,125,112,116,225,229,204,208,209,217,000,000
Wiesbaden,W47,190,190,000,000,123,123,114,116,109,121,112,116,232,238,209,217,209,217,166,182
Wiesbaden,W48,190,197,144,153,000,000,122,124,117,121,000,000,000,000,192,219,217,217,170,170
Wiesbaden,W5,190,190,144,181,123,125,116,122,121,121,108,114,221,229,209,217,209,213,170,174
Wiesbaden,W50,190,190,139,157,123,125,000,000,000,000,114,116,225,229,192,196,000,000,166,166
Wiesbaden,W51,199,199,000,000,121,125,000,000,000,000,114,120,221,225,000,000,000,000,162,166
Wiesbaden,W52,197,205,144,157,125,125,000,000,000,000,114,116,225,229,217,217,000,000,178,182
Wiesbaden,W53,192,199,139,139,125,125,116,126,109,121,114,116,223,229,192,221,213,217,162,182
Wiesbaden,W54,190,205,144,153,125,125,116,122,121,125,116,120,219,225,206,209,213,217,000,000
Wiesbaden,W55,192,199,144,144,121,121,116,116,101,121,116,116,223,223,208,219,209,221,178,178
Wiesbaden,W56,197,199,144,157,121,125,116,122,121,125,116,116,221,229,209,221,213,221,162,174
Wiesbaden,W57,190,190,153,181,125,127,116,116,101,121,116,120,221,223,196,217,000,000,174,178
Wiesbaden,W59,199,199,135,144,125,125,116,122,117,121,108,114,221,234,211,217,209,213,174,174
Wiesbaden,W6,190,195,149,181,123,125,116,122,101,125,108,114,220,234,200,209,209,217,178,178
Wiesbaden,W60,190,190,135,144,121,121,116,122,101,121,108,114,223,229,215,221,209,217,000,000
Wiesbaden,W62,192,201,144,144,125,125,122,122,121,125,116,116,223,238,204,215,209,213,162,174
Wiesbaden,W63,190,199,139,153,125,125,000,000,000,000,116,116,223,234,209,211,000,000,178,182
Wiesbaden,W64,192,199,144,149,246,250,122,124,117,121,108,114,217,223,196,196,209,213,166,170
Wiesbaden,W65,190,192,135,144,125,125,000,000,000,000,114,116,219,219,196,209,000,000,162,162
Wiesbaden,W7,190,203,000,000,125,125,000,000,000,000,116,116,225,229,000,000,000,000,000,000
Wiesbaden,W72,000,000,000,000,000,000,122,124,101,121,000,000,000,000,192,192,221,221,162,178
Wiesbaden,W74,190,197,000,000,000,000,116,116,101,125,000,000,000,000,000,000,217,221,178,182
Wiesbaden,W75,000,000,149,185,000,000,116,116,125,125,000,000,000,000,000,000,209,209,162,174
Wiesbaden,W76,190,192,157,157,125,125,122,126,000,000,114,116,221,223,192,209,205,213,162,174
Wiesbaden,W77,000,000,144,144,000,000,000,000,000,000,000,000,000,000,211,217,000,000,174,182
Wiesbaden,W78,195,205,144,144,121,123,000,000,000,000,114,116,229,234,211,217,205,217,174,178
Wiesbaden,W79,190,199,139,149,123,125,116,122,101,101,114,116,221,234,211,217,209,209,182,182
Wiesbaden,W8,190,190,135,139,123,125,116,122,121,121,108,114,221,229,000,000,209,213,170,174
Wiesbaden,W80,195,199,139,153,121,125,116,122,121,125,114,116,223,238,192,211,205,205,162,170
Wiesbaden,W81,197,199,139,181,121,123,116,116,121,121,116,116,223,234,217,219,213,217,000,000
Wiesbaden,W84,201,205,144,181,125,125,116,122,113,121,114,116,223,227,196,196,213,217,170,178
Wiesbaden,W89,195,199,144,149,125,125,000,000,000,000,114,116,219,229,192,211,000,000,178,182
Wiesbaden,W89B,000,000,144,144,125,127,116,122,101,121,000,000,000,000,211,215,205,217,174,178
Wiesbaden,W9,199,199,144,149,121,125,120,120,101,125,108,114,229,234,217,217,217,221,174,174
Wiesbaden,W91,190,190,149,185,123,125,116,124,117,125,116,116,225,234,000,000,213,221,178,178
Wiesbaden,W92,190,197,000,000,123,123,000,000,000,000,000,000,223,223,208,208,000,000,174,178
Wiesbaden,W93,000,000,153,153,000,000,116,126,121,125,000,000,000,000,200,200,205,221,166,182
Wiesbaden,W97,195,201,144,144,123,125,000,000,000,000,112,116,225,229,204,208,000,000,166,182
Wiesbaden,W98,190,199,139,144,123,125,000,000,000,000,114,116,234,238,209,211,000,000,174,174
Wiesbaden,W99,190,195,000,000,125,125,116,122,101,101,112,120,219,221,000,000,213,221,166,170
Wiesbaden,G4,199,199,144,149,125,125,000,000,109,113,108,114,217,223,196,196,209,213,166,170
Bonn,G1_1,190,190,000,000,000,000,116,128,117,125,000,000,000,000,000,000,209,217,170,170
Bonn,G1_2,188,190,149,149,121,123,120,122,121,125,112,116,223,234,196,204,205,221,178,178
Bonn,G1_3,188,190,144,144,121,123,120,122,117,121,112,116,227,231,196,204,205,205,174,178
Bonn,G1_4,188,190,149,149,121,125,000,000,000,000,108,116,225,232,204,219,000,000,000,000
Bonn,G1_5,188,190,144,144,121,125,116,122,097,121,112,114,225,229,217,221,213,221,174,178
Bonn,G1_6,190,201,126,144,121,125,120,126,113,117,108,116,227,229,194,206,213,217,166,170
Bonn,G1_7,190,199,153,181,125,133,122,124,121,121,114,116,219,221,217,217,213,221,174,178
Bonn,G1_8,188,190,144,189,125,133,000,000,000,000,116,116,223,232,188,217,000,000,000,000
Bonn,G1,190,201,144,149,121,125,122,124,097,125,112,114,225,229,204,221,213,213,166,182
Bonn,G1a,190,190,139,144,125,125,122,122,121,125,114,114,219,225,209,217,213,217,162,170
Bonn,G1b,188,203,149,181,121,125,120,122,121,121,116,118,227,231,188,196,209,213,166,178
Bonn,G1c,190,190,144,144,000,000,120,122,121,125,000,000,000,000,204,213,209,217,170,178
Bonn,G1e,188,190,144,144,121,121,120,122,097,121,112,114,229,231,204,204,205,205,174,178
Bonn,G1f,190,190,144,149,125,127,000,000,117,117,114,116,225,229,188,206,000,000,174,178
Bonn,G1g,000,000,144,189,121,123,116,122,097,117,000,000,000,000,217,217,209,213,170,174
Bonn,G1H,190,203,149,149,121,121,122,122,109,109,114,120,223,237,196,213,209,213,170,178
Bonn,G1i,000,000,135,144,000,000,122,124,000,000,000,000,000,000,211,217,217,221,178,182
Bonn,G1j,000,000,144,149,000,000,122,124,000,000,000,000,000,000,206,206,213,217,158,174
Bonn,G1k,199,201,000,000,125,125,000,000,125,133,112,114,221,227,000,000,000,000,166,170
Bonn,G1m,190,199,144,149,121,125,116,116,097,117,112,116,221,227,217,217,209,213,174,174
Bonn,G1n,188,190,144,149,123,125,000,000,121,121,116,116,225,229,196,209,000,000,166,174
Bonn,G1o,190,199,000,000,121,125,116,124,121,121,108,116,223,237,215,217,213,232,158,170
Bonn,G1p,000,000,149,153,121,121,000,000,000,000,000,000,000,000,204,208,000,000,166,178
Bonn,G1r,190,199,144,149,125,133,116,116,121,125,114,114,223,223,204,219,205,217,170,174
Bonn,G1s,000,000,144,149,000,000,122,124,000,000,000,000,000,000,204,208,213,213,170,174
Bonn,G1t,000,000,144,149,000,000,120,124,000,000,000,000,000,000,204,221,209,213,174,178
Bonn,G1u,190,190,181,185,121,125,000,000,121,133,116,116,223,227,188,221,209,209,166,170
Bonn,G1v,199,205,144,189,121,125,116,122,125,125,114,116,225,229,196,196,205,209,174,178
Bonn,G1w,190,203,185,189,125,125,116,120,121,125,112,116,223,229,204,204,205,213,166,178
Dusseldorf,G2,201,201,149,157,125,125,116,122,117,129,114,116,223,223,209,213,209,221,178,178
Dusseldorf,G2a,000,000,139,181,123,125,122,124,121,121,000,000,000,000,192,219,209,213,178,182
Dusseldorf,G2b,190,201,139,149,123,123,000,000,121,121,108,112,231,237,215,219,000,000,166,178
Dusseldorf,G2c,201,203,144,149,123,133,116,120,101,121,114,116,000,000,188,196,213,221,170,178
Dusseldorf,G2e,190,199,144,157,123,123,114,126,117,129,116,120,227,229,213,219,205,209,162,170
Dusseldorf,G2l,199,199,173,173,121,125,116,122,121,121,114,116,225,231,000,000,209,213,162,174
Dusseldorf,G2o,190,201,153,157,123,125,120,120,101,117,114,114,234,237,196,196,000,000,170,170
Dusseldorf,G3,000,000,173,177,000,000,000,000,000,000,000,000,000,000,217,221,000,000,170,178
Dusseldorf,G3a,190,190,139,139,121,123,124,124,125,133,112,114,223,229,196,196,000,000,162,178
Seville,S1,190,201,149,177,121,123,000,000,000,000,108,116,232,237,206,215,000,000,174,178
Seville,S1a,197,199,149,173,125,125,122,124,113,121,114,116,221,231,196,221,213,224,178,178
Seville,S1b,192,199,149,149,121,125,122,124,101,121,114,114,000,000,206,208,217,224,174,174
Seville,S1c,190,199,139,144,123,125,122,122,121,121,112,116,234,237,202,206,213,217,178,178
Seville,S1d,199,199,139,149,125,125,122,124,121,121,112,120,229,229,215,219,213,221,170,182
Seville,S1e,199,201,144,149,121,123,122,122,093,117,114,116,227,227,194,215,217,217,170,178
Seville,S3,190,199,139,149,125,125,122,122,121,121,114,120,229,229,213,219,217,221,170,174
Seville,S3a,000,000,000,000,125,127,122,124,121,121,000,000,000,000,192,196,221,224,170,174
Seville,S3b,190,205,144,169,125,125,122,122,117,121,112,114,223,232,196,211,217,228,178,178
Seville,S3c,197,199,144,144,123,123,000,000,000,000,114,114,223,231,219,221,000,000,000,000
Seville,S3d,197,199,000,000,121,125,122,122,109,121,108,114,225,227,192,192,209,217,178,178
Seville,S3e,195,203,149,153,121,121,122,122,117,121,114,116,223,232,194,211,217,228,000,000
Seville,S3f,199,199,144,173,121,123,000,000,000,000,116,116,217,229,211,219,000,000,170,178
Seville,S4,201,201,139,149,125,127,122,122,101,117,114,114,000,000,206,221,209,209,174,178
Seville,S5,190,203,157,157,121,125,122,124,113,121,108,116,217,227,188,221,217,221,158,166
Seville,S5a,195,201,144,185,000,000,116,124,117,125,114,120,231,234,200,211,209,213,170,174
Seville,S6,201,203,144,169,121,127,000,000,125,125,114,114,225,229,206,219,000,000,174,178
Seville,S6a,000,000,144,181,125,127,122,128,121,129,000,000,000,000,206,219,197,224,170,174
Seville,S6b,190,199,177,185,123,125,122,122,117,125,114,114,229,232,206,221,209,217,000,000
Seville,S6c,199,199,144,149,125,125,122,122,117,125,114,120,223,229,213,225,209,209,174,178
Seville,S6d,190,192,144,181,121,125,122,122,101,117,114,116,223,223,219,221,209,209,166,166
Seville,S6e,197,197,139,173,123,125,116,122,101,121,112,114,227,231,196,196,209,209,174,182
Seville,S6f,199,201,144,149,123,125,122,124,101,121,114,116,229,229,196,219,209,213,170,180
Seville,S6g,192,197,144,173,121,123,116,122,117,121,112,112,223,231,196,215,209,209,174,174
Seville,S6h,190,192,144,153,121,125,122,122,121,121,114,116,223,227,194,196,217,228,170,174
Seville,S6i,195,199,144,181,123,125,116,122,121,121,114,116,229,229,206,219,197,224,170,170
Seville,S6j,199,201,149,149,121,125,122,124,101,121,114,114,227,232,188,206,209,217,178,182
Seville,S7,190,205,139,177,121,123,122,128,117,121,114,116,219,231,211,215,217,221,174,178
Seville,S7a,197,197,149,173,125,125,122,122,121,121,108,112,221,237,188,221,205,209,174,182
Seville,S7b,197,199,144,149,125,125,122,124,101,121,108,114,221,229,219,221,209,213,170,174
Seville,S7c,195,203,139,173,123,125,116,124,117,121,112,114,229,231,206,211,201,213,170,178
Seville,S7d,199,199,139,149,125,125,122,124,121,121,112,120,229,229,215,219,213,221,166,178
Seville,S7e,190,195,000,000,121,123,124,124,117,121,112,114,221,232,190,200,209,221,166,178
Seville,S10,190,199,173,173,123,125,122,124,101,121,112,116,217,227,188,221,217,217,170,178
Seville,S11,199,203,149,169,127,127,122,124,101,121,116,116,229,237,206,219,213,217,170,178
Seville,S12,195,203,149,169,125,125,122,122,117,121,114,116,232,237,194,200,217,228,178,182
Seville,S13,000,000,000,000,125,125,000,000,117,117,000,000,000,000,000,000,000,000,170,178
Seville,S14,195,205,139,144,125,125,122,122,093,121,114,116,227,231,200,211,213,228,174,174
Seville,S15,197,205,144,173,121,125,116,122,117,121,112,114,223,227,196,209,209,217,174,174
Seville,S16,199,201,153,153,000,000,122,122,121,121,107,112,227,232,215,227,209,221,162,170
Seville,S17,195,201,000,000,125,125,122,124,101,121,114,116,221,237,000,000,209,213,170,170
Seville,S18,000,000,135,149,121,127,122,122,000,000,000,000,000,000,200,206,209,213,174,174
Seville,S19,199,201,153,157,121,123,116,122,121,121,107,110,227,232,188,215,209,221,162,170
Seville,S1f,192,195,149,149,125,127,000,000,000,000,107,116,221,223,000,000,000,000,166,182
Seville,S20,199,199,144,144,121,121,124,124,113,117,116,116,223,229,196,219,213,224,158,174
Seville,S21,199,199,149,153,123,125,000,000,000,000,107,120,229,229,211,225,000,000,178,178
Seville,S22,190,201,139,144,123,125,122,124,117,121,114,116,219,227,211,219,213,213,174,178
Seville,S23,199,199,139,149,121,125,122,122,109,117,114,114,223,229,196,200,209,217,170,182
Seville,S3g,190,190,149,149,123,125,122,122,117,125,112,114,223,223,200,206,209,217,158,170
Seville,S3h,190,201,149,149,125,127,122,124,121,121,114,116,223,232,206,219,209,217,170,174
Seville,S6k,190,197,173,173,121,125,122,124,097,121,107,112,000,000,188,227,217,221,162,170
Seville,S6l,190,203,149,149,125,125,122,122,093,117,114,114,221,227,215,219,209,228,162,170
Seville,S6m,192,197,144,157,123,123,116,122,117,121,114,116,227,229,221,221,209,209,170,178
Seville,S6n,190,203,144,177,000,000,114,122,093,121,107,116,227,229,215,221,213,217,170,174
Seville,S7f,195,201,144,149,121,123,122,122,121,121,114,116,223,229,211,221,213,213,170,174
Seville,S8,190,190,139,161,123,123,124,124,121,121,112,112,000,000,215,219,000,000,174,182
Seville,S9,190,205,149,149,123,123,000,000,000,000,112,116,227,229,206,211,000,000,174,182
Madrid,S2,197,199,144,169,125,125,116,124,121,121,107,114,000,000,215,221,209,217,170,178
Madrid,S2a,197,199,144,169,000,000,116,124,121,121,108,114,229,232,215,221,209,217,170,174
Greater_London,50302,190,197,181,181,123,123,116,122,121,121,114,114,229,237,209,213,209,217,174,188
Greater_London,50305,190,197,149,153,123,125,116,116,117,121,114,116,225,229,206,213,209,217,174,188
Greater_London,50306,190,199,153,181,123,125,116,122,109,109,114,118,225,229,188,213,209,213,174,178
Greater_London,50307,190,199,153,157,123,123,122,122,117,125,118,120,225,225,188,213,205,213,166,178
Greater_London,50308,190,199,153,181,125,125,000,000,000,000,114,116,229,231,188,219,000,000,158,174
Greater_London,50310,197,199,181,181,123,123,000,000,000,000,114,114,231,237,209,213,000,000,000,000
Greater_London,50337,190,199,173,173,123,125,122,128,117,117,114,114,223,225,209,213,213,213,162,178
Greater_London,50338,201,203,153,157,125,127,116,122,109,109,114,114,225,232,206,209,205,213,158,174
Greater_London,50339,190,195,173,181,000,000,122,122,121,121,000,000,000,000,192,209,209,213,000,000
Greater_London,50340,199,203,000,000,123,125,116,128,109,117,114,120,225,229,188,219,209,209,174,174
Greater_London,50341,190,199,135,153,121,123,116,124,093,125,114,116,223,234,196,217,209,217,170,178
Greater_London,50342,190,197,173,181,123,127,122,122,121,121,114,118,229,231,192,219,209,217,170,178
Greater_London,50343,190,203,149,181,121,125,122,122,117,117,108,116,217,223,196,219,209,209,158,178
Greater_London,50344,190,203,149,181,125,125,116,126,000,000,114,116,229,231,219,219,000,000,158,170
Greater_London,50345,190,190,153,153,000,000,000,000,000,000,000,000,000,000,211,219,000,000,000,000
Greater_London,50346,190,199,153,153,123,123,000,000,109,109,114,114,217,225,192,209,000,000,174,174
Greater_London,50347,195,195,153,153,127,129,120,120,121,125,000,000,000,000,194,194,000,000,158,174
Greater_London,50348,195,199,153,153,129,131,114,116,109,121,000,000,000,000,000,000,209,213,170,174
Greater_London,50349,000,000,149,153,000,000,000,000,117,121,000,000,000,000,196,196,000,000,174,178
Greater_London,50350,192,192,139,149,000,000,116,116,117,117,000,000,000,000,209,219,209,213,174,174
Greater_London,50352,192,199,149,149,125,129,000,000,117,117,000,000,000,000,217,221,000,000,000,000
Greater_London,50354,199,199,153,181,123,127,120,128,117,121,116,120,225,229,196,206,209,213,174,174
Greater_London,50355,190,203,153,173,123,123,122,122,121,125,114,116,231,231,188,192,209,209,174,178
Greater_London,50356,195,195,139,181,129,131,116,122,109,117,116,120,217,217,192,221,209,217,170,174
Greater_London,50357,195,203,157,157,125,129,122,122,117,117,000,000,223,223,208,219,209,213,166,166
Greater_London,50358,199,199,153,153,121,125,120,122,117,121,116,118,217,231,221,221,213,213,158,174
Greater_London,50359,190,199,181,181,123,125,000,000,000,000,114,114,229,229,209,219,000,000,000,000
Greater_London,50360,190,199,181,185,123,125,116,122,117,117,114,120,217,234,209,225,209,209,166,174
Greater_London,50361,195,195,153,153,129,131,114,116,109,121,000,000,225,225,209,217,209,213,170,174
Greater_London,50363,192,192,135,153,127,129,122,128,109,121,000,000,221,221,188,219,213,213,000,000
Greater_London,50364,192,192,153,153,000,000,114,116,109,121,000,000,000,000,213,219,209,209,170,174
Greater_London,50365,190,192,153,153,123,125,120,122,117,121,114,116,225,225,213,219,205,209,170,178
Greater_London,50366,199,199,181,181,123,123,116,120,109,117,120,120,225,225,213,219,209,232,000,000
Greater_London,50367,190,190,153,153,123,125,116,122,117,117,116,120,221,229,213,219,209,209,174,174
Greater_London,50369,190,199,153,181,125,127,116,128,117,121,112,118,225,229,206,217,205,209,170,178
Greater_London,50376,199,199,000,000,125,125,000,000,000,000,108,112,000,000,000,000,000,000,166,170
Greater_London,50378,197,203,126,144,123,125,116,124,117,121,116,116,234,237,196,209,213,213,000,000
Greater_London,50379,190,192,139,139,125,127,122,124,101,125,000,000,000,000,211,211,213,213,170,174
Greater_London,50381,188,197,000,000,123,125,122,122,105,121,114,120,217,221,000,000,209,209,174,174
Greater_London,50382,190,199,149,149,123,123,124,128,109,121,108,114,217,225,196,219,209,209,174,174
Greater_London,50383,192,192,173,181,000,000,000,000,117,121,000,000,000,000,196,219,000,000,000,000
Greater_London,50387,190,203,153,173,123,125,122,124,000,000,114,118,223,223,192,219,000,000,174,174
Greater_London,50388,190,190,000,000,123,125,122,122,093,117,112,114,217,223,000,000,209,232,158,174
Greater_London,50390,190,190,139,149,123,123,116,116,105,121,000,000,000,000,219,219,209,217,170,174
Greater_London,50395,190,199,157,181,123,127,116,120,117,121,118,120,217,225,209,209,209,217,000,000
Greater_London,50396,188,197,144,144,123,123,122,128,000,000,114,114,217,231,208,208,205,205,166,174
Greater_London,50398,199,199,149,181,121,121,116,122,109,117,116,118,217,225,217,217,205,209,166,170
Greater_London,P12a,000,000,144,181,000,000,122,124,121,121,000,000,000,000,209,217,209,209,158,174
Greater_London,P1,000,000,144,149,123,125,114,120,113,113,114,120,000,000,000,000,000,000,000,000
Greater_London,P10,190,199,189,189,121,123,114,122,121,121,114,120,225,229,209,213,209,213,158,178
Greater_London,P100,190,203,181,181,121,125,116,122,117,121,114,114,229,231,192,196,209,213,174,178
Greater_London,P101,199,199,139,144,121,125,122,124,121,125,114,116,223,232,209,219,205,209,170,174
Greater_London,P11,190,203,144,149,121,125,122,126,093,113,114,114,225,231,000,000,201,221,000,000
Greater_London,P12,195,203,153,185,123,125,122,122,121,125,116,116,232,232,213,223,209,213,000,000
Greater_London,P13,199,199,149,149,121,127,116,122,109,121,108,112,227,229,208,217,209,217,158,178
Greater_London,P14,190,199,153,181,123,127,116,122,101,101,114,116,223,223,196,223,209,217,174,174
Greater_London,P15,190,197,157,173,127,133,116,120,117,117,108,116,223,231,209,209,217,217,170,174
Greater_London,P15a,192,199,135,153,125,127,116,122,117,121,118,120,232,232,196,213,205,205,158,174
Greater_London,P16,190,197,153,173,123,123,122,124,093,109,114,116,225,227,188,196,209,209,166,174
Greater_London,P17,000,000,149,153,121,125,124,126,097,121,116,120,000,000,192,217,217,221,000,000
Greater_London,P17a,190,190,149,153,123,125,122,122,117,121,114,120,225,225,192,217,205,217,000,000
Greater_London,P17b,190,190,149,153,123,125,124,124,117,121,114,120,225,225,192,217,217,221,000,000
Greater_London,P18,195,203,144,144,123,125,126,126,125,125,112,116,227,231,196,196,205,213,158,158
Greater_London,P18a,195,195,123,123,121,123,126,128,121,125,112,114,227,227,196,213,000,000,000,000
Greater_London,P19,190,190,135,181,000,000,122,126,121,121,114,116,223,231,196,221,217,221,166,174
Greater_London,P19a,000,000,139,173,123,127,122,128,109,113,000,000,000,000,196,196,209,232,162,170
Greater_London,P2,190,203,181,181,129,129,114,122,109,121,114,116,225,229,000,000,205,209,158,174
Greater_London,P20,190,203,139,153,123,125,122,124,097,133,112,114,221,231,209,209,209,213,000,000
Greater_London,P20a,190,199,161,189,123,123,114,116,109,117,114,114,221,232,211,211,205,217,158,178
Greater_London,P21,190,199,144,181,125,133,122,124,121,121,106,116,219,229,209,217,209,209,158,174
Greater_London,P22,199,199,135,153,125,125,114,122,121,125,112,118,225,231,188,209,213,217,170,174
Greater_London,P23,000,000,153,173,125,125,122,126,000,000,114,116,225,227,188,196,209,209,000,000
Greater_London,P24,190,190,153,173,121,125,122,122,117,121,116,118,217,223,000,000,205,217,170,174
Greater_London,P24a,190,190,144,144,123,125,120,122,117,121,116,118,217,223,192,200,205,217,170,174
Greater_London,P25,190,201,149,149,123,125,116,122,117,117,114,120,229,231,194,196,205,209,162,178
Greater_London,P25a,190,199,153,177,125,125,116,122,097,121,108,120,221,225,192,202,217,221,178,178
Greater_London,P25b,195,203,149,185,125,127,114,116,113,121,108,114,229,232,213,219,213,217,000,000
Greater_London,P26,197,201,153,153,123,125,116,122,117,121,116,120,227,231,213,217,205,217,158,174
Greater_London,P27,197,199,135,135,123,125,122,122,117,121,116,120,225,237,192,200,232,232,174,174
Greater_London,P28,192,197,149,181,123,125,122,122,121,121,114,120,000,000,217,217,213,217,000,000
Greater_London,P29,190,195,181,181,121,127,116,122,117,117,118,120,000,000,000,000,209,217,174,174
Greater_London,P3,000,000,000,000,125,127,116,122,109,121,108,108,000,000,194,202,000,000,158,158
Greater_London,P30,201,201,000,000,123,123,120,126,000,000,114,116,229,229,000,000,205,213,158,158
Greater_London,P31,192,199,149,181,123,125,116,122,117,121,116,118,225,237,208,211,205,213,174,174
Greater_London,P32,190,197,153,153,123,125,114,124,109,109,112,116,225,231,194,213,213,217,000,000
Greater_London,P33,190,199,135,153,121,123,116,122,117,117,114,118,223,225,000,000,209,209,174,182
Greater_London,P34,197,197,139,181,121,125,118,118,113,117,116,120,225,225,196,196,201,213,158,166
Greater_London,P35,190,190,135,149,121,127,120,120,000,000,108,114,225,231,200,200,217,217,174,174
Greater_London,P36,199,199,126,126,123,125,116,116,121,121,118,120,225,225,190,200,217,217,000,000
Greater_London,P37,199,199,144,161,125,125,116,120,117,121,114,114,000,000,196,196,209,217,000,000
Greater_London,P38,195,199,000,000,123,123,116,116,113,121,112,120,000,000,196,196,209,221,162,174
Greater_London,P39,190,199,135,181,121,127,122,122,121,125,112,116,217,223,209,209,217,221,174,178
Greater_London,P4,190,199,149,153,125,125,116,122,109,121,114,120,225,225,194,194,209,217,000,000
Greater_London,P40,201,201,144,153,123,125,122,122,117,121,118,120,225,231,213,215,213,232,000,000
Greater_London,P41,199,201,149,181,123,123,116,122,101,121,114,118,229,232,209,209,217,228,174,174
Greater_London,P42,199,199,153,153,121,125,118,122,113,113,118,120,217,238,208,217,213,217,178,178
Greater_London,P43,199,199,149,185,125,125,116,124,113,125,112,114,216,223,188,196,209,217,170,178
Greater_London,P45,190,203,153,181,125,125,122,124,093,109,114,120,000,000,196,196,209,209,166,178
Greater_London,P46,000,000,173,181,123,123,116,122,117,121,000,000,000,000,219,219,205,217,000,000
Greater_London,P47,197,199,139,181,125,125,118,118,113,117,116,120,217,225,196,196,221,213,162,178
Greater_London,P48,199,203,149,153,123,125,118,118,113,117,114,114,227,227,213,217,217,217,174,174
Greater_London,P49,190,199,144,144,127,127,122,122,105,121,118,120,217,231,196,213,213,217,170,178
Greater_London,P5,199,201,149,149,121,123,116,122,117,121,114,116,229,231,000,000,205,217,000,000
Greater_London,P50,000,000,149,157,123,127,124,126,097,101,000,000,000,000,192,192,221,221,174,174
Greater_London,P51,000,000,185,185,000,000,116,116,097,101,000,000,000,000,000,000,000,000,162,174
Greater_London,P52,190,203,149,181,123,123,122,122,117,125,114,114,223,231,217,221,213,217,170,174
Greater_London,P53,203,205,149,149,121,125,120,122,117,133,108,120,217,223,211,217,205,213,162,174
Greater_London,P54,188,190,153,181,123,123,124,124,000,000,114,118,223,225,219,219,213,213,174,174
Greater_London,P55,190,190,149,149,125,127,116,124,109,117,118,118,217,231,188,192,209,213,162,174
Greater_London,P56,188,201,123,144,123,123,116,122,121,121,114,120,231,231,217,217,209,213,180,180
Greater_London,P57,190,199,153,153,123,125,122,122,117,125,114,116,234,234,192,211,205,209,166,178
Greater_London,P58,197,199,173,181,121,123,116,122,113,117,114,114,223,225,209,219,213,228,182,182
Greater_London,P58a,197,199,173,181,121,121,118,118,113,117,114,114,223,225,209,219,201,213,178,182
Greater_London,P59,199,203,135,149,121,121,000,000,000,000,114,114,227,227,188,200,217,217,158,174
Greater_London,P5a,000,000,139,189,125,133,116,124,117,121,116,116,000,000,192,217,209,213,158,170
Greater_London,P6,195,197,181,181,123,127,122,128,121,121,116,120,217,225,209,219,205,209,174,174
Greater_London,P60,190,197,181,181,123,123,122,128,121,121,116,120,217,227,211,219,205,209,174,174
Greater_London,P61,188,195,157,181,123,127,120,122,113,117,118,120,231,231,215,221,213,228,170,174
Greater_London,P62,201,203,153,185,123,123,118,122,121,125,112,120,223,227,209,217,209,221,162,174
Greater_London,P63,000,000,149,185,125,127,122,124,121,125,000,000,000,000,196,217,209,228,178,182
Greater_London,P64,190,197,149,181,123,125,122,122,109,125,114,114,217,223,188,217,213,217,174,178
Greater_London,P65,190,190,149,153,125,125,116,122,117,117,114,120,231,234,221,221,217,228,170,174
Greater_London,P66,192,199,149,157,125,127,122,128,109,121,108,114,217,231,196,196,209,232,158,170
Greater_London,P67,199,199,144,189,125,125,122,122,113,125,114,120,221,223,192,192,213,213,174,174
Greater_London,P68,190,199,181,181,125,125,122,122,117,121,108,114,223,229,196,219,213,217,174,178
Greater_London,P69,199,199,173,181,125,125,116,122,105,117,116,120,231,237,196,219,213,217,174,182
Greater_London,P6a,201,203,135,149,125,125,122,122,109,117,108,116,225,231,215,219,228,232,174,174
Greater_London,P7,197,197,149,149,125,125,122,122,117,117,118,118,000,000,217,223,217,224,166,166
Greater_London,P70,190,190,135,181,121,125,116,116,113,117,114,116,217,231,211,211,209,209,174,174
Greater_London,P71,201,201,144,153,121,123,116,122,000,000,114,114,223,223,196,217,213,213,174,180
Greater_London,P72,197,201,144,144,123,125,122,128,117,121,112,114,221,225,196,213,217,221,174,178
Greater_London,P73,190,190,181,181,123,125,000,000,000,000,112,116,217,231,188,196,000,000,174,182
Greater_London,P74,192,199,153,153,123,123,116,122,117,121,112,114,227,231,188,192,205,209,170,174
Greater_London,P75,190,199,144,149,123,125,000,000,000,000,114,120,229,231,188,213,000,000,158,178
Greater_London,P76,197,199,181,181,125,127,122,128,117,121,116,120,225,225,196,196,205,217,158,174
Greater_London,P77,195,203,135,185,125,125,116,116,121,125,114,114,221,229,190,190,213,217,170,178
Greater_London,P78,000,000,000,000,121,125,116,122,121,121,108,112,225,229,194,194,205,213,158,158
Greater_London,P79,197,199,157,181,123,123,116,122,109,121,114,118,227,231,209,219,209,213,162,174
Greater_London,P8,199,199,139,139,123,127,116,122,117,121,108,116,227,231,194,209,209,209,000,000
Greater_London,P80,190,192,149,181,125,125,116,122,117,121,114,114,223,225,211,217,209,217,158,170
Greater_London,P81,190,199,139,157,121,123,116,122,105,117,112,114,223,231,209,217,209,213,170,174
Greater_London,P82,195,197,153,181,123,125,116,124,109,109,114,120,217,229,213,221,209,217,174,178
Greater_London,P83,190,197,181,185,125,125,000,000,000,000,114,116,225,231,211,217,000,000,158,178
Greater_London,P84,190,192,144,144,125,125,116,122,117,121,114,114,217,231,196,196,217,217,166,166
Greater_London,P85,195,201,149,157,121,125,116,122,117,125,114,114,223,231,196,211,209,209,174,178
Greater_London,P86,190,199,149,153,125,127,116,122,109,121,108,120,217,229,208,211,213,213,170,178
Greater_London,P87,190,199,139,189,125,133,116,124,117,121,108,114,223,229,192,217,209,213,158,170
Greater_London,P88,190,192,144,153,127,127,116,122,105,117,118,120,223,229,196,196,205,209,158,170
Greater_London,P89,197,199,144,181,123,125,122,124,121,125,114,114,223,237,209,217,000,000,170,174
Greater_London,P8a,190,190,153,185,123,127,122,122,113,121,108,116,223,231,209,225,209,217,166,174
Greater_London,P8b,197,199,173,185,121,123,122,124,093,117,116,118,229,234,213,217,213,217,170,178
Greater_London,P9,190,199,149,153,125,125,122,122,117,121,108,114,217,225,192,192,205,217,158,170
Greater_London,P90,197,203,181,185,127,127,116,116,109,113,114,114,223,225,192,196,209,217,170,178
Greater_London,P91,199,199,149,181,123,125,116,122,121,121,114,114,221,234,213,219,209,209,000,000
Greater_London,P92,197,203,139,144,125,127,116,122,117,121,116,118,217,225,192,196,209,232,170,174
Greater_London,P93,190,190,144,149,123,125,120,122,093,109,000,000,225,229,213,221,205,213,170,178
Greater_London,P94,188,190,126,149,123,125,120,120,117,121,114,114,229,232,194,194,205,209,000,000
Greater_London,P95,190,197,149,153,123,127,126,128,121,121,116,120,225,225,213,213,209,217,000,000
Greater_London,P96,190,199,149,185,121,125,000,000,000,000,114,114,221,231,192,196,000,000,170,170
Greater_London,P97,203,205,139,185,121,125,114,122,117,121,114,114,229,232,196,196,209,209,166,174
Greater_London,P98,199,205,139,149,121,123,122,122,117,121,108,112,227,229,192,217,217,221,158,174
Greater_London,P99,190,190,123,144,123,123,122,122,117,121,114,120,225,229,209,213,000,000,158,178
Greater_London,P9b,203,205,139,149,121,123,122,124,117,121,108,112,000,000,192,217,217,217,158,174
Rotterdam,N2,188,188,000,000,000,000,122,122,000,000,114,114,221,225,000,000,000,000,174,178
Rotterdam,N2a,199,199,153,169,000,000,000,000,121,121,114,116,227,234,204,217,000,000,166,178
Rotterdam,N2b,199,203,144,181,000,000,116,124,109,121,114,116,223,231,188,217,205,221,170,174
Rotterdam,N2c,195,201,153,153,121,129,114,122,117,121,112,114,225,225,204,219,205,221,174,178
Rotterdam,N2d,199,199,149,169,000,000,116,116,109,121,116,116,217,238,211,215,209,209,170,174
Rotterdam,N2e,197,203,000,000,000,000,114,122,000,000,114,114,231,238,000,000,205,209,174,174
Rotterdam,N2f,190,190,149,153,000,000,116,116,121,129,114,116,225,231,209,221,201,201,174,174
Rotterdam,N2g,199,201,135,153,000,000,122,124,121,121,114,114,225,229,206,221,209,209,170,178
Rotterdam,N2h,190,199,149,169,000,000,114,116,121,125,116,116,231,237,206,215,209,213,170,174
Rotterdam,N2i,190,199,144,149,000,000,122,124,117,121,116,116,225,229,217,221,213,221,158,174
Rotterdam,N2j,195,203,153,153,000,000,114,122,121,121,114,120,216,221,000,000,213,217,000,000
Rotterdam,N2k,190,199,135,169,125,125,116,124,121,121,114,116,229,237,217,217,209,213,000,000
Rotterdam,N2l,199,203,000,000,123,123,116,124,113,121,114,116,231,234,000,000,209,209,000,000
Rotterdam,N2m,199,199,169,185,125,129,122,122,121,125,116,116,223,237,219,219,209,209,170,174
Rotterdam,N2n,190,199,149,157,000,000,116,122,121,129,107,116,223,229,213,215,213,213,158,170
Rotterdam,N2o,190,197,169,169,000,000,116,122,121,129,114,114,223,232,188,219,213,213,170,182
Rotterdam,N2p,201,201,144,169,000,000,122,124,121,121,114,116,223,232,190,190,209,213,166,166
Rotterdam,N2q,190,201,149,189,000,000,122,122,117,121,114,116,217,225,206,209,209,213,174,174
Rotterdam,N2r,000,000,157,169,000,000,120,120,000,000,116,116,000,000,190,190,000,000,000,000
Rotterdam,N2s,000,000,177,177,000,000,116,116,109,121,114,114,000,000,190,209,197,197,000,000
Rotterdam,N2t,190,197,177,189,000,000,116,124,101,121,116,116,223,231,208,217,209,213,174,174
Rotterdam,N2u,190,199,157,161,000,000,124,124,121,121,116,116,231,231,188,206,209,209,174,174
Rotterdam,N2v,190,192,169,169,000,000,122,122,109,121,114,114,223,229,219,221,209,213,174,174
Rotterdam,N2w,000,000,157,161,000,000,120,122,109,121,000,000,000,000,190,190,209,209,174,178
Rotterdam,N2_1,195,195,149,149,123,125,116,122,117,125,112,114,225,227,196,213,213,213,174,178
Rotterdam,N2_10,201,201,153,181,121,123,114,122,121,121,114,116,225,227,204,219,205,213,170,178
Rotterdam,N2_11,000,000,153,177,000,000,000,000,000,000,000,000,234,234,000,000,000,000,000,000
Rotterdam,N2_12,197,201,144,149,125,125,000,000,101,125,114,114,225,229,211,211,000,000,174,174
Rotterdam,N2_13,195,195,149,153,000,000,116,122,121,121,000,000,000,000,209,219,209,213,170,178
Rotterdam,N2_14,195,195,149,181,121,125,114,120,117,121,112,116,223,227,217,219,205,213,162,178
Rotterdam,N2_15,195,201,149,149,123,123,116,122,117,125,114,116,216,225,196,219,209,213,170,170
Rotterdam,N2_16,190,201,144,189,125,125,116,124,121,129,112,116,223,229,217,217,209,213,158,178
Rotterdam,N2_17,190,197,149,153,123,125,116,116,121,121,114,116,216,231,188,188,209,213,174,178
Rotterdam,N2_18,190,197,126,153,125,125,122,122,117,121,114,116,227,237,206,206,197,213,166,174
Rotterdam,N2_19,190,199,126,126,123,125,000,000,000,000,116,116,225,225,188,200,209,209,000,000
Rotterdam,N2_2,190,195,149,181,125,125,120,122,117,117,114,116,225,225,196,217,213,217,170,178
Rotterdam,N2_20,192,195,153,169,121,125,114,122,121,121,112,114,225,225,219,219,205,213,174,178
Rotterdam,N2_21,197,203,153,153,123,125,122,124,121,121,114,114,225,229,188,209,209,221,170,174
Rotterdam,N2_22,190,195,149,185,125,127,116,122,121,121,114,116,216,238,200,204,205,213,174,178
Rotterdam,N2_23,192,199,144,189,125,125,000,000,121,121,114,114,217,234,206,211,000,000,170,170
Rotterdam,N2_24,197,199,135,153,125,125,000,000,117,117,116,116,221,223,215,219,000,000,170,170
Rotterdam,N2_26,192,203,149,149,121,125,000,000,121,121,114,116,221,231,194,194,000,000,174,174
Rotterdam,N2_27,197,201,149,149,121,125,116,122,121,121,112,114,229,231,192,217,209,221,166,166
Rotterdam,N2_28,199,199,149,153,125,125,116,116,109,121,114,116,234,234,206,223,209,213,174,178
Rotterdam,N2_29,190,199,149,189,123,125,116,122,117,121,116,116,223,232,188,215,209,209,170,178
Rotterdam,N2_3,190,199,144,144,125,125,122,122,097,121,116,116,223,223,192,219,197,209,174,178
Rotterdam,N2_30,190,201,153,161,125,125,114,116,101,109,114,114,223,231,209,219,209,221,174,174
Rotterdam,N2_31,192,199,144,177,121,125,122,122,101,121,114,116,223,225,206,217,209,221,174,174
Rotterdam,N2_32,190,190,169,189,000,000,114,122,117,121,000,000,000,000,215,215,209,221,174,178
Rotterdam,N2_33,188,188,149,153,000,000,116,124,109,121,000,000,000,000,217,217,209,213,174,178
Rotterdam,N2_34,190,192,144,144,123,125,116,124,121,121,107,114,223,237,217,221,209,221,174,178
Rotterdam,N2_35,192,199,149,149,123,125,122,122,121,121,114,114,223,231,000,000,209,221,174,174
Rotterdam,N2_36,190,197,144,149,121,123,122,122,097,121,116,116,223,231,211,217,209,209,170,178
Rotterdam,N2_4,192,201,149,153,125,125,122,124,109,121,112,114,223,237,206,211,209,209,174,182
Rotterdam,N2_5,190,201,149,153,125,125,116,122,097,121,114,116,225,225,213,219,209,209,162,170
Rotterdam,N2_6,192,203,139,181,125,125,116,124,113,121,114,116,229,229,219,219,205,209,178,178
Rotterdam,N2_7,190,199,169,189,123,125,116,122,109,121,116,116,225,231,206,217,197,209,174,178
Rotterdam,N2_8,000,000,149,173,125,131,000,000,000,000,000,000,000,000,200,213,000,000,000,000
Rotterdam,N2_9,201,201,153,181,125,127,122,122,121,125,114,116,219,223,217,217,205,213,170,178
Rotterdam,N3_1,199,203,144,173,121,121,122,124,113,121,114,116,223,232,206,209,205,209,174,178
Rotterdam,N3_10,190,201,149,153,125,125,122,124,097,121,107,116,227,231,219,219,197,209,174,174
Rotterdam,N3_11,188,195,149,181,125,125,120,120,117,121,118,120,216,219,188,219,205,217,170,170
Rotterdam,N3_12,190,199,144,149,125,125,122,122,117,121,114,116,225,237,206,215,209,213,162,166
Rotterdam,N3_2,199,201,153,169,121,125,116,124,113,121,114,116,231,231,206,219,213,213,158,174
Rotterdam,N3_3,195,203,185,185,123,123,116,120,117,117,114,116,227,227,213,213,205,213,174,178
Rotterdam,N3_4,188,190,149,181,121,125,122,122,117,121,114,116,219,223,196,219,205,213,178,178
Rotterdam,N3_5,195,195,149,181,123,125,120,122,117,121,112,114,225,231,204,219,213,213,170,174
Rotterdam,N3_6,192,199,135,153,121,123,116,122,121,121,114,116,223,231,206,213,221,221,174,174
Rotterdam,N3_7,190,199,144,153,125,125,122,124,109,125,114,116,223,238,211,215,197,213,174,174
Rotterdam,N3_8,197,199,000,000,125,125,116,122,117,121,116,116,217,231,000,000,209,209,174,178
Rotterdam,N3_9,192,192,135,169,125,125,124,124,121,121,112,114,223,225,211,217,209,209,158,178
Rotterdam,N2_25,197,199,139,185,125,125,122,124,097,121,114,116,223,225,215,215,209,213,170,174
Rotterdam,N2_37,197,199,144,153,123,125,116,122,109,121,107,116,223,231,188,209,209,209,170,178
Rotterdam,N2_38,201,201,144,181,123,125,116,122,121,125,114,114,223,231,206,219,197,213,174,178
Rotterdam,N2_39,188,201,153,185,125,127,120,122,117,121,114,116,221,223,213,219,205,213,178,178
The Hague,N4,199,199,000,000,000,000,120,122,109,121,114,116,225,231,000,000,209,209,000,000
The Hague,N4a,190,201,000,000,125,129,118,122,000,000,114,116,216,223,000,000,000,000,174,174
The Hague,N4b,192,199,149,153,000,000,000,000,121,129,116,116,223,231,188,206,197,209,170,170
The Hague,N4c,190,199,144,169,000,000,116,122,121,121,114,114,223,231,188,215,209,209,000,000
The Hague,N4d,199,201,169,169,000,000,116,122,109,117,114,116,229,231,206,215,209,213,178,178
The Hague,N4e,190,190,000,000,000,000,122,122,109,125,116,116,217,223,190,190,213,213,178,178
The Hague,N4f,190,199,169,169,000,000,122,124,117,121,114,116,229,231,192,217,209,213,178,178
The Hague,N4g,199,199,000,000,000,000,122,124,097,113,114,116,225,225,192,206,213,221,178,178
The Hague,N4h,190,192,149,169,000,000,122,124,113,117,112,116,223,231,206,217,213,213,178,178
The Hague,N4i,199,199,144,169,000,000,000,000,109,121,114,116,225,234,206,217,197,221,178,178
The Hague,N4j,192,203,144,189,000,000,116,122,121,121,114,114,216,223,217,219,209,209,178,178
The Hague,N4k,199,199,157,169,000,000,122,124,097,109,116,116,223,232,215,217,213,213,000,000
Amsterdam,N6,192,192,135,177,000,000,000,000,000,000,000,000,225,225,206,213,000,000,000,000
Amsterdam,N6a,199,203,144,157,000,000,122,122,121,121,112,114,225,232,188,211,217,217,170,174
Amsterdam,N6b,190,190,139,185,000,000,116,122,097,121,114,120,225,234,206,213,217,224,166,170
Amsterdam,N6c,195,199,144,153,000,000,116,120,097,117,107,114,216,223,188,211,217,217,174,178
Amsterdam,N6d,190,190,144,181,000,000,114,124,121,125,107,114,221,225,188,219,213,221,170,174
Amsterdam,N6e,000,000,144,149,000,000,114,116,000,000,000,000,000,000,206,219,197,209,000,000
Amsterdam,N6f,199,201,153,157,000,000,122,128,105,125,107,120,223,232,000,000,217,224,174,178
Amsterdam,N6g,000,000,153,157,000,000,116,116,121,125,105,114,000,000,000,000,213,224,170,178
Amsterdam,N6h,199,201,144,153,000,000,116,120,121,121,112,116,229,229,188,188,213,213,166,166
Amsterdam,N6i,190,192,169,185,000,000,000,000,000,000,107,120,227,229,188,188,000,000,170,174
Amsterdam,N6j,190,197,149,149,000,000,114,116,105,125,114,114,216,223,213,219,213,213,170,174
Amsterdam,N6k,190,192,149,181,000,000,116,122,097,121,114,114,223,223,188,217,213,224,170,174
Amsterdam,N10,190,190,149,149,000,000,116,122,101,121,114,114,216,221,211,219,217,224,174,178
Amsterdam,N10a,000,000,149,177,000,000,116,122,097,117,114,120,223,225,188,188,213,217,170,174
Amsterdam,N10b,190,195,149,177,000,000,116,122,125,125,114,120,225,229,188,188,213,221,170,174
Amsterdam,N8,190,199,123,177,000,000,122,124,121,125,107,108,221,232,213,219,217,217,174,174
Amsterdam,N9,201,203,149,157,000,000,000,000,000,000,107,114,223,223,208,213,000,000,170,174
Utrecht,N1,190,190,144,149,000,000,116,116,097,121,107,116,216,229,188,211,213,217,178,178
Utrecht,N1a,000,000,000,000,000,000,122,124,097,097,000,000,000,000,000,000,213,224,174,178
Tuscany,I2,199,203,144,149,121,121,116,122,121,121,112,120,232,232,212,212,205,217,174,174
Marseille,F1,195,199,126,149,123,125,122,124,105,121,112,114,227,229,212,212,205,213,0,0
Marseille,F2,192,203,126,149,125,125,122,122,105,121,114,116,227,234,219,221,205,205,170,178
Mauritius,M1,197,199,190,190,123,125,120,124,097,117,120,122,217,229,189,217,205,209,000,000
Mauritius,M2,192,199,153,185,121,123,116,120,117,129,122,122,223,225,217,223,209,209,000,000
Mauritius,M3,190,199,153,190,125,125,120,124,117,129,118,122,234,234,214,217,209,209,000,000
Mauritius,M4,190,199,153,177,123,125,120,120,117,117,107,113,221,223,189,219,205,209,000,000
Mauritius,M5,192,199,153,190,125,125,116,120,117,129,113,113,223,225,217,223,209,209,000,000
Mauritius,M6,192,195,153,185,125,125,116,120,097,117,111,113,229,229,217,223,209,209,000,000
Mauritius,M7,195,199,153,190,125,125,116,120,117,121,111,113,221,229,217,223,209,209,000,000
Mauritius,M8,195,199,135,190,125,125,120,124,117,129,113,113,217,225,223,223,209,209,000,000
Mauritius,M9,195,199,185,190,123,125,116,120,117,121,111,113,221,229,217,223,205,209,000,000
Mauritius,M10,195,199,135,185,125,125,122,124,129,129,107,111,223,229,217,223,209,209,000,000
Mauritius,M11,192,199,153,190,123,123,120,122,121,121,000,000,217,223,210,217,209,209,000,000
Mauritius,M12,195,199,153,190,123,125,120,124,117,129,120,122,217,221,214,217,209,209,000,000
Mauritius,M13,192,195,153,177,123,125,122,124,117,129,107,107,217,234,189,210,205,209,000,000
Mauritius,M14,199,199,153,185,121,125,116,122,117,117,113,122,221,225,189,223,209,209,000,000
Mauritius,M15,195,203,153,185,125,125,124,124,121,121,118,122,223,229,217,223,209,209,000,000
Mauritius,M16,197,199,153,153,125,125,120,124,121,129,113,122,221,225,217,223,209,209,000,000
Mauritius,M17,192,195,153,185,125,125,116,120,097,117,111,113,229,229,217,223,209,209,000,000
Mauritius,M18,192,199,153,153,125,125,120,124,117,117,113,113,223,229,217,217,209,209,000,000
Mauritius,M19,195,197,135,185,123,125,122,124,129,129,107,122,223,229,217,223,209,209,000,000
Mauritius,M20,192,199,185,185,125,125,120,124,097,117,107,113,223,229,212,217,209,209,000,000
Mauritius,M21,195,199,153,153,123,125,124,124,117,117,113,113,221,234,189,217,209,209,000,000
Mauritius,M22,195,203,135,153,125,125,122,124,117,121,113,113,217,229,189,223,205,209,000,000
Mauritius,M23,192,195,153,153,123,125,120,122,121,129,120,122,217,223,214,217,209,209,000,000
Mauritius,M24,199,199,153,153,125,125,124,124,097,117,116,120,221,221,214,223,205,209,000,000
Mauritius,M25,195,199,153,185,121,125,120,122,125,129,113,113,225,229,189,217,205,209,000,000
Mauritius,M26,192,195,139,153,123,123,122,122,117,129,113,122,221,221,217,217,209,209,000,000
Mauritius,M27,190,192,144,185,125,125,122,122,121,129,113,120,221,225,217,217,209,209,000,000
Mauritius,M28,190,203,185,185,125,125,122,124,117,117,113,113,223,225,217,217,205,209,000,000
Mauritius,M29,199,199,153,185,125,125,122,122,117,129,111,113,217,225,217,217,209,209,000,000
Mauritius,M30,192,197,135,190,125,125,124,124,121,121,113,113,223,225,217,217,205,209,000,000
Mauritius,M31,192,195,135,153,123,123,122,122,117,121,113,122,221,234,217,223,209,209,000,000
Mauritius,M32,190,195,153,190,125,125,122,122,121,129,122,122,221,221,192,192,209,216,000,000
Mauritius,M33,192,197,185,190,123,123,000,000,000,000,120,122,225,225,189,217,000,000,000,000
Mauritius,M34,192,199,153,185,121,125,120,124,117,125,113,113,221,234,189,219,209,209,000,000
Mauritius,M35,190,190,153,185,125,125,122,122,121,129,111,113,221,221,210,217,209,209,000,000
Mauritius,M36,190,199,185,190,125,125,122,124,121,121,107,122,217,219,217,223,219,219,000,000
Mauritius,M37,192,197,185,190,123,123,120,122,117,129,113,120,223,225,217,217,209,209,000,000
Mauritius,M38,192,197,185,190,123,123,120,122,117,129,113,120,223,225,217,217,209,209,000,000
Mauritius,M39,190,195,139,185,123,125,122,124,117,121,113,122,225,229,217,217,209,209,000,000
Mauritius,M40,195,195,181,185,125,125,122,122,117,121,107,122,229,229,192,217,213,224,000,000
Mauritius,M41,192,199,153,185,121,123,120,124,117,125,107,113,221,234,189,219,209,209,000,000
Mauritius,M42,190,203,153,190,123,123,122,124,117,129,113,120,234,238,192,223,209,209,000,000
Mauritius,M43,195,195,153,153,121,123,116,122,117,121,120,122,217,234,210,223,209,209,000,000
Mauritius,M44,195,197,153,190,125,125,116,124,121,121,113,116,225,229,217,223,205,209,000,000
Mauritius,M45,197,197,153,190,125,125,120,124,121,121,113,116,223,225,217,223,205,205,000,000
Mauritius,M46,195,197,153,190,125,125,116,124,121,121,116,120,225,229,192,217,205,205,000,000
Mauritius,M47,190,197,185,185,125,125,124,124,121,121,113,120,223,225,217,217,209,209,000,000
Mauritius,M48,190,203,153,190,123,125,122,124,117,129,113,118,221,234,189,192,209,209,000,000
Mauritius,M49,190,190,139,139,123,125,122,122,117,121,113,122,221,229,217,219,209,209,000,000
Mauritius,M50,195,199,185,190,123,125,122,124,117,121,107,122,219,221,217,223,209,209,000,000
Mauritius,M51,190,199,153,185,125,125,122,124,117,129,111,113,221,225,189,217,209,209,000,000
Mauritius,M52,192,199,185,185,121,125,120,124,117,125,107,113,225,234,189,217,209,209,000,000
Mauritius,M53,195,197,153,153,125,125,116,120,121,121,116,116,225,225,192,223,205,205,000,000
Mauritius,M54,192,195,185,185,121,123,122,124,117,117,113,118,223,225,217,217,205,209,000,000
Mauritius,M55,190,199,144,190,123,125,120,124,117,129,122,122,223,234,212,217,205,209,000,000
Mauritius,M56,197,197,153,185,125,125,116,124,121,121,113,116,225,229,192,217,205,205,000,000
Mauritius,M57,190,192,153,177,121,123,122,124,117,117,113,120,221,234,192,223,209,209,000,000
Mauritius,M58,190,195,139,190,121,123,120,122,117,121,107,120,221,223,204,217,205,224,000,000
Mauritius,M59,190,195,185,185,125,125,122,124,117,121,113,113,221,225,189,210,209,209,000,000
Mauritius,M60,190,199,153,185,125,125,124,124,117,125,113,122,221,223,189,219,209,209,000,000
Mauritius,M61,190,190,135,185,123,125,120,122,117,121,107,122,221,221,192,223,205,209,000,000
Mauritius,M62,190,195,139,185,123,125,122,124,117,121,107,113,221,225,217,217,209,213,000,000
Mauritius,M63,190,195,139,181,123,125,116,122,117,121,107,122,229,229,217,217,209,224,000,000
Mauritius,M64,192,199,135,185,121,123,120,122,117,117,118,120,223,225,192,217,209,209,000,000
Mauritius,M65,190,195,144,153,123,123,120,122,121,129,120,122,234,234,217,223,209,209,000,000
Mauritius,M66,190,195,144,153,121,125,116,120,117,117,122,122,234,234,212,223,209,209,000,000
Mauritius,M67,195,199,153,190,123,125,122,124,117,129,122,122,217,234,212,223,205,209,000,000
Mauritius,M68,195,199,144,153,123,125,116,124,117,121,120,122,234,234,212,223,205,209,000,000
Mauritius,M69,199,199,185,190,125,125,120,124,121,129,113,122,221,234,214,214,209,209,000,000
Mauritius,M70,199,199,153,185,121,125,124,124,117,117,111,113,225,229,192,212,209,209,000,000
Mauritius,M71,190,195,144,153,125,125,116,122,117,121,113,122,229,234,217,217,209,209,000,000
Mauritius,M72,197,197,153,185,125,125,116,122,117,117,113,122,225,234,217,219,209,209,000,000
Mauritius,M73,192,199,153,153,123,125,122,124,117,121,107,111,221,229,189,214,209,209,000,000
Mauritius,M74,195,197,153,153,125,125,122,122,121,129,000,000,225,234,189,219,209,216,000,000
Mauritius,M75,192,199,153,153,123,125,122,124,117,129,107,113,221,229,189,223,209,209,000,000
Mauritius,M76,195,199,153,153,125,125,122,122,117,117,113,122,229,234,189,219,209,216,000,000
Mauritius,M77,197,197,153,185,125,125,116,122,121,129,113,120,221,225,217,217,209,216,000,000
Mauritius,M78,197,197,153,185,125,125,122,122,121,129,113,122,225,234,217,217,209,216,000,000
Mauritius,M79,195,197,153,153,125,125,116,122,121,129,113,122,229,234,189,219,209,209,000,000
Mauritius,M80,192,199,153,153,125,125,120,122,117,117,111,122,217,221,192,219,209,209,000,000
Mauritius,M81,197,199,153,153,125,125,122,122,117,117,113,120,229,234,189,219,209,216,000,000
Mauritius,M82,192,197,153,177,123,125,116,122,117,121,113,122,217,229,189,217,209,209,000,000
Mauritius,M83,195,197,135,153,123,125,120,122,117,121,113,118,221,223,217,219,224,236,000,000
Mauritius,M84,199,203,144,153,123,125,116,122,117,129,113,113,223,234,217,217,205,209,000,000
Mauritius,M85,195,195,153,185,123,123,116,120,125,129,118,122,223,225,214,214,209,209,000,000
Mauritius,M86,192,195,153,185,125,125,120,124,129,129,113,120,217,234,189,192,209,209,000,000
Mauritius,M87,195,199,135,144,121,123,120,122,117,125,107,120,223,225,189,217,209,209,000,000
Mauritius,M88,192,192,153,190,123,125,120,122,121,121,120,122,223,229,217,223,209,209,000,000
Mauritius,M89,192,197,144,153,123,123,122,124,117,129,113,113,234,234,212,217,209,216,000,000
Mauritius,M90,195,199,144,185,123,125,124,124,117,117,113,113,221,221,217,223,209,209,000,000
Mauritius,M91,190,195,185,185,123,125,122,122,117,117,113,122,221,225,189,210,209,209,000,000
Mauritius,M92,190,199,185,185,125,125,120,122,117,129,113,122,223,234,212,214,209,209,000,000
Mauritius,M93,190,199,153,185,121,123,116,122,117,121,118,122,229,234,189,219,209,209,000,000
Mauritius,M94,195,199,153,190,123,125,120,124,121,129,107,113,229,234,214,217,209,209,000,000
Mauritius,M95,197,199,185,185,123,125,124,124,117,117,111,120,217,225,192,217,209,209,000,000
Mauritius,M96,192,199,135,185,125,125,122,122,117,129,113,113,223,229,189,217,209,209,000,000
Mauritius,M97,192,195,135,190,121,123,120,122,117,129,107,122,221,223,217,217,205,209,000,000
Mauritius,M98,199,199,153,153,123,125,122,122,129,129,120,122,234,234,210,223,209,209,000,000
Mauritius,M99,195,199,153,185,123,123,122,124,117,117,107,113,217,234,214,217,209,209,000,000
Mauritius,M100,190,190,135,153,123,125,116,120,117,121,120,122,229,234,210,217,209,209,000,000
Mauritius,M101,192,192,144,149,123,125,122,124,117,125,113,113,221,223,204,206,209,213,000,000
Mauritius,M102,199,199,153,185,125,125,120,120,117,129,113,122,234,234,189,217,209,209,000,000
Mauritius,M103,195,199,177,190,123,125,122,124,097,129,113,113,229,234,217,217,209,224,000,000
Mauritius,M104,195,195,153,190,123,125,124,124,097,121,113,122,217,217,210,217,205,209,000,000
Mauritius,M105,199,199,153,185,125,125,122,124,117,121,107,113,221,223,217,217,209,216,000,000
Mauritius,M106,199,203,153,185,121,125,116,120,113,121,113,113,223,229,194,210,209,216,000,000
Mauritius,M107,190,195,144,185,125,125,122,124,117,117,113,113,234,229,189,212,209,209,000,000
Mauritius,M108,190,199,190,190,123,123,120,122,117,129,120,120,221,221,217,217,205,216,000,000
Mauritius,M109,195,203,149,153,121,125,120,124,121,121,113,120,217,221,217,217,209,209,000,000
Mauritius,M110,197,199,153,185,123,125,120,122,117,121,113,120,221,229,192,223,209,209,000,000
Mauritius,M111,192,195,135,185,125,125,120,122,121,121,118,120,221,234,210,217,209,209,000,000
Mauritius,M112,192,199,185,190,125,125,120,122,117,117,113,113,217,225,217,223,209,209,000,000
Mauritius,M113,195,197,153,153,125,125,122,122,117,129,113,120,225,234,210,217,209,209,000,000
Mauritius,M114,190,199,149,185,123,125,116,122,121,125,116,116,217,221,192,208,209,224,000,000
Mauritius,M115,190,195,149,185,121,123,116,120,117,121,113,120,221,234,204,217,209,209,000,000
Seychelles,Sey7,201,201,177,177,000,000,116,122,117,117,000,000,000,000,194,219,205,232,178,178
Seychelles,Sey8,000,000,177,181,000,000,122,122,109,117,000,000,000,000,192,211,205,209,158,178
Asia,8.5,000,000,142,142,000,000,000,000,000,000,000,000,000,000,000,000,000,000,174,174
Asia,16.31,192,195,149,185,125,127,116,124,117,121,116,118,221,229,000,000,205,213,170,174
Asia,28.38,000,000,000,000,123,129,120,120,101,125,116,116,000,000,000,000,000,000,000,000
Asia,61,197,199,149,169,125,133,116,122,117,121,114,114,225,225,000,000,000,000,174,178
Asia,72,195,199,144,144,121,125,122,122,117,117,114,114,000,000,000,000,000,000,000,000
Asia,73,000,000,149,173,121,125,122,122,117,129,000,000,000,000,000,000,000,000,166,166
Asia,84,197,197,157,157,121,125,122,122,113,113,112,112,000,000,000,000,000,000,162,162
Asia,94,195,197,139,161,123,133,116,122,121,125,108,108,000,000,000,000,000,000,178,178
Asia,209,192,199,153,153,123,129,116,116,101,125,112,112,000,000,000,000,217,217,170,170
Asia,211,000,000,000,000,125,125,000,000,101,101,110,110,000,000,000,000,000,000,166,166
Asia,234,192,199,144,144,125,129,116,122,101,113,116,120,000,000,000,000,000,000,000,000
Asia,235,199,199,149,149,123,125,122,122,117,121,108,114,000,000,000,000,000,000,182,182
Asia,236,197,197,153,153,000,000,122,122,117,121,116,116,000,000,000,000,000,000,170,170
Asia,236,000,000,000,000,125,127,122,122,117,125,114,114,000,000,000,000,000,000,170,174
Asia,237,000,000,149,149,123,127,116,116,117,125,000,000,000,000,000,000,000,000,174,174
Asia,240,000,000,135,151,000,000,116,122,117,121,000,000,000,000,000,000,000,000,174,174
Asia,245,000,000,000,000,121,125,000,000,117,121,000,000,000,000,000,000,000,000,166,174
Asia,246,199,199,149,149,123,125,122,122,117,121,116,120,000,000,000,000,000,000,166,170
Asia,248,199,199,135,144,125,125,116,124,117,121,114,114,000,000,000,000,000,000,000,000
Asia,252,000,000,157,157,121,125,116,116,125,125,108,108,000,000,000,000,000,000,000,000
Asia,253,000,000,146,157,000,000,118,124,117,125,000,000,000,000,000,000,000,000,174,178
Asia,254,199,199,144,153,121,129,000,000,125,125,000,000,000,000,000,000,000,000,000,000
Asia,256,201,201,153,153,121,125,116,128,121,125,114,116,000,000,000,000,000,000,178,178
Asia,258,000,000,151,151,125,129,116,124,121,121,000,000,000,000,000,000,000,000,000,000
Asia,262,000,000,000,000,133,133,120,120,117,121,000,000,000,000,000,000,000,000,174,178
Asia,263,000,000,000,000,000,000,000,000,113,117,000,000,000,000,000,000,000,000,000,000
Asia,271,000,000,000,000,000,000,122,124,121,121,114,114,000,000,000,000,000,000,170,170
Asia,273,190,190,153,153,125,125,116,122,117,121,114,116,217,217,000,000,000,000,174,178
Asia,278,199,203,135,153,127,127,120,128,113,117,114,114,000,000,000,000,000,000,166,166
Asia,281,199,201,000,000,125,129,000,000,125,125,108,108,000,000,000,000,000,000,170,178
Asia,283,000,000,139,149,121,121,116,126,109,125,114,114,223,223,000,000,000,000,166,170
Asia,286,000,000,000,000,125,125,000,000,121,121,108,108,000,000,200,200,000,000,000,000
Asia,288,000,000,000,000,125,125,116,116,121,125,108,112,000,000,000,000,000,000,170,182
Asia,289,000,000,142,142,000,000,122,122,121,121,000,000,000,000,000,000,000,000,000,000
Asia,290,000,000,144,144,123,127,124,124,105,121,000,000,000,000,000,000,000,000,000,000
Asia,291,190,190,144,144,125,131,122,122,121,125,000,000,000,000,000,000,000,000,166,166
Asia,320,190,190,000,000,125,125,122,122,121,125,112,114,000,000,000,000,000,000,170,174
Asia,358,195,195,000,000,125,129,000,000,117,121,000,000,000,000,000,000,000,000,000,000
Asia,360,000,000,144,144,121,125,116,124,117,121,114,114,000,000,000,000,000,000,178,178
Asia,550,000,000,000,000,125,125,122,122,121,121,000,000,000,000,200,200,000,000,178,182
Asia,558,000,000,144,144,000,000,000,000,105,121,000,000,000,000,200,200,000,000,000,000
Asia,850,195,195,149,149,121,123,122,122,101,117,112,114,000,000,000,000,000,000,158,170
Asia,851,190,199,126,157,121,125,122,124,117,125,108,116,219,223,000,000,217,217,158,178
Asia,853,190,199,149,149,123,125,122,122,121,121,114,116,000,000,000,000,000,000,174,178
Asia,854,190,190,149,149,121,127,116,122,117,125,112,116,219,219,000,000,000,000,178,178
Asia,855,190,203,149,157,121,125,116,116,117,125,112,116,000,000,000,000,213,213,170,178
Asia,856,199,201,144,149,125,127,116,124,117,121,114,116,000,000,000,000,000,000,182,182
Asia,1106,197,203,153,173,125,127,122,122,105,117,114,120,223,234,000,000,000,000,166,170
Asia,1842,190,199,144,181,121,125,120,124,121,125,114,114,231,231,000,000,000,000,158,170
Asia,2913,199,203,135,153,121,123,118,122,117,121,112,112,000,000,000,000,000,000,178,178
Asia,3671,199,199,153,153,121,121,122,122,121,121,112,112,000,000,200,200,000,000,170,182
Asia,4725,201,203,126,153,121,125,116,124,117,121,112,116,000,000,200,200,000,000,178,178
Asia,16883,190,197,144,169,121,125,122,124,101,117,114,116,219,219,000,000,205,205,166,174
Asia,16884,197,197,144,144,123,127,122,124,101,117,000,000,223,234,000,000,213,213,000,000
Asia,16889,195,195,000,000,121,121,116,120,117,117,000,000,000,000,000,000,000,000,158,170
Asia,16956,203,203,144,149,123,123,116,116,117,121,108,108,000,000,000,000,000,000,170,174
Africa,3.1,203,203,173,173,125,127,122,122,101,101,112,114,000,000,000,000,000,000,000,000
Africa,4.29,197,197,000,000,123,123,120,122,117,121,114,114,231,238,000,000,209,213,162,174
Africa,10.4,197,197,135,149,123,123,122,122,121,121,116,118,000,000,000,000,000,000,000,000
Africa,20.26,195,197,149,153,123,123,000,000,105,121,114,114,000,000,000,000,000,000,000,000
Africa,20.5,192,197,149,153,123,123,120,122,121,125,114,114,000,000,000,000,000,000,174,178
Africa,26.33,199,199,189,189,125,129,000,000,125,125,108,108,000,000,000,000,000,000,000,000
Africa,67,000,000,139,139,123,123,122,122,117,129,114,114,000,000,000,000,000,000,158,170
Africa,76,199,199,144,144,123,123,116,122,121,125,116,116,000,000,000,000,000,000,000,000
Africa,77,197,201,144,149,123,123,122,122,117,121,114,116,000,000,000,000,000,000,174,178
Africa,105,000,000,149,153,123,123,116,122,121,125,112,114,000,000,000,000,000,000,000,000
Africa,120,192,192,144,149,123,127,122,122,117,121,110,114,000,000,000,000,197,217,166,178
Africa,121,192,197,135,149,123,127,114,122,117,121,114,114,000,000,000,000,000,000,170,178
Africa,122,211,211,139,149,123,123,122,124,117,121,114,114,000,000,000,000,000,000,162,170
Africa,136,197,197,153,153,123,123,122,122,121,125,114,114,000,000,000,000,000,000,162,174
Africa,153,000,000,000,000,000,000,000,000,113,113,000,000,000,000,000,000,000,000,000,000
Africa,154,205,205,144,144,123,123,114,122,113,121,108,116,000,000,000,000,000,000,162,170
Africa,331,000,000,000,000,123,127,122,124,113,121,116,116,000,000,000,000,000,000,000,000
Africa,334,000,000,146,146,000,000,000,000,000,000,000,000,000,000,000,000,000,000,000,000
Africa,371,000,000,000,000,123,129,116,116,000,000,000,000,000,000,000,000,000,000,000,000
Africa,406,000,000,142,142,123,123,000,000,117,121,108,114,000,000,000,000,217,217,170,170
Africa,408,199,201,144,149,123,123,116,116,117,121,114,116,231,231,000,000,000,000,174,178
Africa,410,195,195,144,153,123,123,116,122,121,125,108,110,231,231,000,000,000,000,170,174
Africa,412,195,195,144,149,123,123,116,116,117,121,000,000,000,000,000,000,213,213,174,174
Africa,414,195,195,153,153,123,123,116,116,117,129,114,114,000,000,000,000,000,000,000,000
Africa,510,190,190,142,151,123,123,116,116,121,129,000,000,000,000,000,000,000,000,174,174
Africa,512,000,000,149,149,123,123,116,116,125,129,110,114,000,000,000,000,000,000,174,174
Africa,513,195,195,135,149,123,123,116,116,109,125,114,114,000,000,000,000,000,000,166,170
Africa,515,000,000,149,149,123,123,116,116,113,117,118,118,000,000,200,200,000,000,162,170
Africa,535,197,197,144,149,123,123,122,124,125,129,114,114,229,238,000,000,209,209,170,174
Africa,536,197,197,139,149,123,123,122,124,113,125,114,114,000,000,200,200,000,000,166,170
Africa,663,000,000,126,126,123,123,116,122,117,117,114,114,000,000,000,000,000,000,174,178
Africa,751,203,203,144,153,123,123,122,124,121,121,118,118,000,000,000,000,000,000,174,178
Africa,3240,195,195,139,146,120,120,000,000,109,121,000,000,000,000,000,000,000,000,162,166
Africa,3241,197,201,135,153,123,123,114,124,117,121,114,114,000,000,000,000,000,000,170,178
Africa,3243,000,000,139,139,000,000,000,000,125,125,000,000,000,000,200,200,000,000,166,174
Africa,7000,188,190,000,000,123,123,116,116,117,117,116,116,000,000,000,000,000,000,170,170